[
  {
    "id": "airpods-2gen",
    "name": "Airpods (2e génération)",
    "categoryId": 7,
    "price": 85000,
    "variations": [],
    "images": [
      {
        "src": "/img/airpod/airpod-2gen.webp",
        "default": true
      }
    ]
  },
  {
    "id": "airpods-2gen-pro",
    "name": "Airpods pro (2e génération)",
    "categoryId": 7,
    "price": 250000,
    "variations": [],
    "images": [
      {
        "src": "/img/airpod/airpod-pro-2gen.webp",
        "default": true
      }
    ]
  },
  {
    "id": "airpods-3gen-lighting",
    "name": "Airpods (3e génération) avec étui de chargement Lightning",
    "categoryId": 7,
    "price": 115000,
    "variations": [],
    "images": [
      {
        "src": "/img/airpod/airpod-3gen.webp",
        "default": true
      }
    ]
  },
  {
    "id": "airpods-3gen-magsafe",
    "name": "Airpods (3e génération) avec étui de chargement magsafe",
    "categoryId": 7,
    "price": 125000,
    "variations": [],
    "images": [
      {
        "src": "/img/airpod/airpod-pro.webp",
        "default": true
      }
    ]
  }
]