[{
    "id": "GooglePixel7Pro",
    "name": "Google Pixel 7 Pro",
    "categoryId": 1,
    "price": 300000,
    "details": {
      "Brand": ["Google"],
      "Processor": ["Google Tensor G2"],
      "RAM": ["12 Go"],
      "Rear Camera": ["50 MP wide, 48 MP telephoto, 12 MP ultrawide"],
      "Front Camera": ["10.8 MP"],
      "Storage": ["512 Go"],
      "Display": ["6.7-inch LTPO OLED, 120Hz"],
      "Battery": ["5003 mAh"],
      "Bluetooth": ["5.2"],
      "Colors": ["Obsidian", "Snow", "Hazel"],
      "Operating System": ["Android"]
    },
    "variations": [],
    "images": [
      {
        "src": "/img/pixel/pixel-7-white.webp",
        "default": true
      },
      {
        "src": "/img/pixel/pixel-7-mauve.webp",
        "default": false
      },
      {
        "src": "/img/pixel/pixel-7-black.webp",
        "default": false
      }
    ],
    "description": "Le Google Pixel 7 Pro est un smartphone haut de gamme équipé du processeur Google Tensor G2, d'un système de caméra triple de pointe, d'un écran LTPO OLED de 6,7 pouces avec un taux de rafraîchissement de 120Hz, et d'une batterie puissante pour une expérience utilisateur avancée et intuitive."
  },
  {
    "id": "GooglePixel6",
    "name": "Google Pixel 6",
    "categoryId": 1,
    "price": 120000,
    "details": {
      "Brand": ["Google"],
      "Processor": ["Google Tensor G2"],
      "RAM": ["8 Go"],
      "Rear Camera": ["50 MP wide, 12 MP ultrawide"],
      "Front Camera": ["10.8 MP"],
      "Storage": ["128 Go","256 Go"],
      "Display": ["6.4-inch AMOLED, 100Hz"],
      "Battery": ["4614 mAh"],
      "Bluetooth": ["5.2"],
      "Colors": ["Stormy Black", "Kinda Coral", "Sorta Seafoam"],
      "Operating System": ["Android"]
    },
    "variations": [],
    "images": [
      {
        "src": "/img/google/pixel-6-white.webp",
        "default": true
      },
      {
        "src": "/img/google/pixel-6-pink.webp",
        "default": false
      },
      {
        "src": "/img/google/pixel-6-black.webp",
        "default": false
      }
    ],
    "description": "Le Google Pixel 6 est un smartphone haut de gamme qui offre des performances exceptionnelles grâce à son processeur Google Tensor G2, un système de caméra triple de pointe, un écran LTPO OLED de 6,7 pouces avec un taux de rafraîchissement de 120Hz, et une batterie puissante pour une expérience utilisateur avancée et intuitive."
  },
  {
    "id": "GooglePixel5a",
    "name": "Google Pixel 5a",
    "categoryId": 1,
    "price": 120000,
    "details": {
      "Brand": ["Google"],
      "Processor": ["Adreno 620"],
      "RAM": ["6 Go"],
      "Rear Camera": ["16 MP wide, 12 MP ultrawide"],
      "Front Camera": ["8 MP"],
      "Storage": ["128 Go"],
      "Display": ["6.34-inch OLED, 120Hz"],
      "Battery": ["4680 mAh"],
      "Bluetooth": ["5.0"],
      "Colors": ["Mostly Black", "Kinda Coral", "Sorta Seafoam"],
      "Operating System": ["Android 11"]
    },
    "variations": [],
    "images": [
      {
        "src": "/img/google/pixel-5a-white.webp",
        "default": false
      },
      {
        "src": "/img/google/pixel-5a-belge.webp",
        "default": false
      },
      {
        "src": "/img/google/pixel-5a-black.webp",
        "default": true
      }
    ],
    "description": "Le Google Pixel 5a est un smartphone haut de gamme qui offre des performances exceptionnelles grâce à son processeur Google Tensor G2, un système de caméra triple de pointe, un écran LTPO OLED de 6,7 pouces avec un taux de rafraîchissement de 120Hz, et une batterie puissante pour une expérience utilisateur avancée et intuitive."
  },
  {
    "id": "GooglePixel4xl",
    "name": "Google Pixel 4xl",
    "categoryId": 1,
    "price": 120000,
    "details": {
      "Brand": ["Google"],
      "Processor": ["Qualcomm SM8150 Snapdragon 855"],
      "RAM": ["6 Go"],
      "Rear Camera": ["16 MP wide, 12 MP ultrawide"],
      "Front Camera": ["8 MP"],
      "Storage": ["128 Go","256 Go"],
      "Display": ["6.3-inch P-OLED, 90Hz"],
      "Battery": ["3700 mAh"],
      "Bluetooth": ["5.0"],
      "Colors": ["Stormy Black", "Kinda Coral", "Sorta Seafoam"],
      "Operating System": ["Android 10"]
    },
    "variations": [],
    "images": [
      {
        "src": "/img/google/pixel-4xl-white.webp",
        "default": false
      },
      {
        "src": "/img/google/pixel-4xl-pink.webp",
        "default": true
      },
      {
        "src": "/img/google/pixel-4xl-black.webp",
        "default": false
      }
    ],
    "description": "Le Google Pixel 4xl est un smartphone haut de gamme qui offre des performances exceptionnelles grâce à son processeur Google Tensor G2, un système de caméra triple de pointe, un écran LTPO OLED de 6,7 pouces avec un taux de rafraîchissement de 120Hz, et une batterie puissante pour une expérience utilisateur avancée et intuitive."
  },
  {
    "id": "GooglePixel4a",
    "name": "Google Pixel 4a",
    "categoryId": 1,
    "price": 120000,
    "details": {
      "Brand": ["Google"],
      "Processor": ["Octa-core"],
      "RAM": ["6 Go"],
      "Rear Camera": [" 12 MP"],
      "Front Camera": ["8 MP"],
      "Storage": ["128 Go"],
      "Display": ["5.8-inch OLED"],
      "Battery": ["3140 mAh"],
      "Bluetooth": ["5.1"],
      "Colors": ["just Black", "white Coral", "Sorta Seafoam"],
      "Operating System": ["Android 10"]
    },
    "variations": [],
    "images": [
      {
        "src": "/img/google/pixel-4a-white.webp",
        "default": true
      },
      {
        "src": "/img/google/pixel-4a-bleu.webp",
        "default": false
      },
      {
        "src": "/img/google/pixel-4a-black.webp",
        "default": false
      }
    ],
    "description": "Le Google Pixel 4a est un smartphone haut de gamme qui offre des performances exceptionnelles grâce à son processeur Google Tensor G2, un système de caméra triple de pointe, un écran LTPO OLED de 6,7 pouces avec un taux de rafraîchissement de 120Hz, et une batterie puissante pour une expérience utilisateur avancée et intuitive."
  },
  {
    "id": "GooglePixel3xl",
    "name": "Google Pixel 3xl",
    "categoryId": 1,
    "price": 120000,
    "details": {
      "Brand": ["Google"],
      "Processor": ["Adreno 630"],
      "RAM": ["4 Go"],
      "Rear Camera": [" 12 MP"],
      "Front Camera": ["8 MP"],
      "Storage": ["128 Go","64 Go"],
      "Display": ["6.3-inch P-OLED"],
      "Battery": ["3430 mAh"],
      "Bluetooth": ["5.0"],
      "Colors": ["Just Black", "Clear White", "Not pink"],
      "Operating System": ["Android 9"]
    },
    "variations": [],
    "images": [
      {
        "src": "/img/google/pixel-3xl-white.webp",
        "default": true
      },
      {
        "src": "/img/google/pixel-3xl-pink.webp",
        "default": false
      },
      {
        "src": "/img/google/pixel-3xl-black.webp",
        "default": false
      }
    ],
    "description": "Le Google Pixel 3xl est un smartphone haut de gamme qui offre des performances exceptionnelles grâce à son processeur Google Tensor G2, un système de caméra triple de pointe, un écran LTPO OLED de 6,7 pouces avec un taux de rafraîchissement de 120Hz, et une batterie puissante pour une expérience utilisateur avancée et intuitive."
  },
  {
    "id": "GooglePixel3a",
    "name": "Google Pixel 3a",
    "categoryId": 1,
    "price": 120000,
    "details": {
      "Brand": ["Google"],
      "Processor": ["Google Tensor G1"],
      "RAM": ["4 Go"],
      "Rear Camera": ["12 MP"],
      "Front Camera": ["8 MP"],
      "Storage": ["64 Go"],
      "Display": ["5.6-inch OLED"],
      "Battery": ["3000 mAh"],
      "Bluetooth": ["5.0"],
      "Colors": ["Just Black", "Clear White", "Purple-ish"],
      "Operating System": ["Android 9"]
    },
    "variations": [],
    "images": [
      {
        "src": "/img/google/pixel-3a-white.webp",
        "default": true
      },
      {
        "src": "/img/google/pixel-3a-blue.webp",
        "default": false
      },
      {
        "src": "/img/google/pixel-3a-black.webp",
        "default": false
      }
    ],
    "description": "Le Google Pixel 3a est un smartphone haut de gamme qui offre des performances exceptionnelles grâce à son processeur Google Tensor G2, un système de caméra triple de pointe, un écran LTPO OLED de 6,7 pouces avec un taux de rafraîchissement de 120Hz, et une batterie puissante pour une expérience utilisateur avancée et intuitive."
  },
  {
    "id": "GooglePixel2xl",
    "name": "Google Pixel 2xl",
    "categoryId": 1,
    "price": 120000,
    "details": {
      "Brand": ["Google"],
      "Processor": ["Qualcomm MSM8998 Snapdragon 835 (10 nm)"],
      "RAM": ["4 Go"],
      "Rear Camera": ["12 MP"],
      "Front Camera": ["8 MP"],
      "Storage": ["64 Go","128 Go"],
      "Display": ["6.0-inch P-OLED"],
      "Battery": ["3520 mAh"],
      "Bluetooth": ["5.0"],
      "Colors": ["Just Black", "White panda"],
      "Operating System": ["Android 8"]
    },
    "variations": [],
    "images": [
      {
        "src": "/img/google/pixel-2xl-white.webp",
        "default": true
      },
      {
        "src": "/img/google/pixel-2xl-black.webp",
        "default": false
      }
    ],
    "description": "Le Google Pixel 2xl est un smartphone haut de gamme qui offre des performances exceptionnelles grâce à son processeur Google Tensor G2, un système de caméra triple de pointe, un écran LTPO OLED de 6,7 pouces avec un taux de rafraîchissement de 120Hz, et une batterie puissante pour une expérience utilisateur avancée et intuitive."
  }

]
  
  
  
  