[
  {
    "id": "huawei-nova-3",
    "name": "Huawei Nova 3i",
    "categoryId": 10,
    "price": 60000,
    "details": {
      "Marque":["Huawei"],
      "Processeur":["Hisilicon Kirin 710 (12 nm)"],
      "Ram":["4 Go", "6 Go"],
      "Rom":["64 Go", "128 Go"],
      "Écran ": ["LCD IPS de 6.3 pouces"],
      "Batterie" : ["3340 mAh"],
      "Bluetooth" : ["4.2, A2DP, LE"],
      "Couleus" : ["Noir", "Blanc nacré", "Bleu iris", "Rouge"],
      "Systeme d'exploitation":["Android 8.1 (Oreo), EMUI 8.2"]
    },
    "variations": [ ],
    "images": [
      {
        "src": "/img/huawei/nova-3-black.webp",
        "default": true
      },
      {
        "src": "/img/huawei/nova-3-bleu.webp",
        "default": false
      }
    ],
    "description": "Le Huawei Nova 3i était conçu pour offrir une bonne performance et des fonctionnalités de caméra compétitives dans le segment de milieu de gamme au moment de sa sortie."
  },
  {
    "id": "huawei-p30-pro",
    "name": "Huawei P30 pro",
    "categoryId": 10,
    "price": 135000,
    "details": {
      "Marque":["Huawei"],
      "Processeur":["Kirin 980"],
      "Ram":["6 Go", "8 Go"],
      "Caméra arrière":["40 MP, f/1.6, 27mm (large)", "8 MP, f/3.4, 125mm (périscope téléobjectif)"],
      "Caméra avant":["32 MP, f/2.0 (large)"],
      "Rom":[ "128 Go", "256 Go", "512 Go"],
      "Écran ": ["OLED de 6,47 pouces"],
      "Batterie" : ["4200 mAh"],
      "Bluetooth" : ["5.0, A2DP, aptX HD, LE"],
      "Couleus" : ["Aurora", "Amber Sunrise", "Breathing Crystal", "Black", "Pearl White"],
      "Systeme d'exploitation":["Android 9.0 (Pie), EMUI 9.1"]
    },
    "variations": [
      {
        "combinations": ["capacity-256-go"],
        "price": 155000
      },
      {
        "combinations": ["capacity-128-go"],
        "price": 135000
      }
     ],
    "images": [
      {
        "src": "/img/huawei/p30-pro-black.webp",
        "default": true
      },
      {
        "src": "/img/huawei/p30-pro-bleu.webp",
        "default": false
      }
    ],
    "description": "Le Huawei P30 Pro est un appareil puissant avec un accent particulier sur la photographie, offrant des performances de caméra exceptionnelles grâce à son système de quadruple caméra co-développé avec Leica."
  },
  {
    "id": "huawei-y9-2019",
    "name": "Huawei Y9 2019",
    "categoryId": 10,
    "price": 55000,
    "details": {
      "Marque":["Huawei"],
      "Processeur":["Hisilicon Kirin 710 (12 nm)"],
      "Ram":["3 Go", "4 Go", "6 Go"],
      "Caméra arrière":["16 MP, f/2.0 (large)", "2 MP (profondeur)"],
      "Caméra avant":["13 MP, f/1.8", "2 MP (profondeur)"],
      "Rom":[ "32 Go", "64 Go", "128 Go"],
      "Écran ": ["IPS LCD de 6.5 pouces"],
      "Batterie" : ["4000 mAh"],
      "Bluetooth" : ["4.2, A2DP, LE"],
      "Couleus" : ["Midnight Black", "Sapphire Blue", "Aurora Purple"],
      "Systeme d'exploitation":["Android 8.1 (Oreo), EMUI 8.2"]
    },
    "variations": [ ],
    "images": [
      {
        "src": "/img/huawei/y9-black.webp",
        "default": true
      },
      {
        "src": "/img/huawei/y9-bleu.webp",
        "default": false
      }
    ],
    "description": "Le Huawei Y9 2019 est un appareil bien équilibré pour sa catégorie, offrant un grand écran, une bonne autonomie de batterie, et des fonctionnalités de caméra compétitives."
  },
  {
    "id": "huawei-honor-8x-2019",
    "name": "Huawei Honor 8x",
    "categoryId": 10,
    "price": 55000,
    "details": {
      "Marque":["Huawei"],
      "Processeur":["Hisilicon Kirin 710 (12 nm)"],
      "Ram":["4 Go", "6 Go"],
      "Caméra arrière":["20 MP, f/1.8 (large)", "2 MP (profondeur)"],
      "Caméra avant":["16 MP, f/2.0", "2 MP (profondeur)"],
      "Rom":["64 Go", "128 Go"],
      "Écran ": ["LTPS IPS LCD de 6.5 pouces"],
      "Batterie" : ["3750 mAh"],
      "Bluetooth" : ["4.2, A2DP, LE"],
      "Couleus" : ["Noir", "Bleu", "Rouge", "Rose"],
      "Systeme d'exploitation":["Android 8.1 (Oreo), EMUI 8.2"]
    },
    "variations": [ ],
    "images": [
      {
        "src": "/img/huawei/honor-x8-black.webp",
        "default": true
      },
      {
        "src": "/img/huawei/honor-x8-white.webp",
        "default": false
      }
    ],
    "description": "Le Huawei Honor 8X est un appareil performant pour sa catégorie, offrant un grand écran, une bonne autonomie de batterie, et des fonctionnalités de caméra compétitives, avec une capacité de stockage extensible et un design élégant."
  },
  {
    "id": "huawei-p20-lite",
    "name": "Huawei P20 Lite",
    "categoryId": 10,
    "price": 60000,
    "details": {
      "Marque":["Huawei"],
      "Processeur":["Hisilicon Kirin 659 (16 nm)"],
      "Ram":["4 Go"],
      "Caméra arrière":["16 MP, f/2.2, PDAF", "2 MP (profondeur)"],
      "Caméra avant":["16 MP, f/2.0"],
      "Rom":["32 Go", "64 Go"],
      "Écran ": ["LTPS IPS LCD de 5.84 pouces"],
      "Batterie" : ["3000 mAh"],
      "Bluetooth" : ["4.2, A2DP, LE"],
      "Couleus" : ["Klein Blue", "Sakura Pink", "Midnight Black", "Platinum Gold"],
      "Systeme d'exploitation":["Android 8.1 (Oreo), EMUI 8.2"]
    },
    "variations": [ ],
    "images": [
      {
        "src": "/img/huawei/p20-lite-black.webp",
        "default": true
      },
      {
        "src": "/img/huawei/p20-lite-bleu.webp",
        "default": false
      },
      {
        "src": "/img/huawei/p20-lite-pink.webp",
        "default": false
      }
    ],
    "description": "Le Huawei P20 Lite est un appareil bien équilibré pour le segment de milieu de gamme, offrant un design élégant, un écran de haute résolution, et des capacités de caméra compétitives."
  }
]