[
  {
    "id": "iphone-6",
    "name": "iPhone 6",
    "categoryId": 1,
    "price": 35000,
    "details": {
      "Marque":["Apple"],
      "processeur":["A8 Bionic "],
      "Nom du modele":["iPhone 6"],
      "Ram":["1 Go"],
      "Rom":["64 Go" ,"128 Go" , "256 Go"],
      "Écran ": [" LCD"],
      "Batterie" : [" 1 810 mAh"],
      "Systeme d'exploitation":["IOS 8" , "IOS 12"]
    },
    "variations": [
      {
        "combinations": ["color-or", "capacity-16-go"],
        "price": 35000
      },
      {
        "combinations": ["color-or", "capacity-32-go"],
        "price": 35000
      },
      {
        "combinations": ["color-or", "capacity-64-go"],
        "price": 35000
      },
      {
        "combinations": ["color-or", "capacity-128-go"],
        "price": 35000
      },

      {
        "combinations": ["color-argent", "capacity-16-go"],
        "price": 35000
      },
      {
        "combinations": ["color-argent", "capacity-32-go"],
        "price": 35000
      },
      {
        "combinations": ["color-argent", "capacity-64-go"],
        "price": 35000
      },
      {
        "combinations": ["color-argent", "capacity-128-go"],
        "price": 35000
      },

      {
        "combinations": ["color-rose", "capacity-16-go"],
        "price": 35000
      },
      {
        "combinations": ["color-rose", "capacity-32-go"],
        "price": 35000
      },
      {
        "combinations": ["color-rose", "capacity-64-go"],
        "price": 35000
      },
      {
        "combinations": ["color-rose", "capacity-128-go"],
        "price": 35000
      }
    ],
    "images": [
      {
        "src": "/img/iphone/6/simple/gray.webp",
        "default": false
      },
      {
        "src": "/img/iphone/6/simple/argent.webp",
        "default": false
      },
      {
        "src": "/img/iphone/6/simple/gold.webp",
        "default": true
      },
      {
        "src": "/img/iphone/6/simple/pink.webp",
        "default": false
      }
    ],
    "description": "L'iPhone 6 combine design élégant et technologie de pointe, offrant une expérience utilisateur fluide et enrichissante. Avec ses multiples options de couleur et de capacité, il répond aux besoins de diversité et de performance des utilisateurs modernes."
  },
  {
    "id": "iphone-6s",
    "name": "iPhone 6s",
    "description": "L'iPhone 6s, avec sa technologie 3D Touch révolutionnaire et son appareil photo amélioré, offre une expérience encore plus immersive. Sa capacité de traitement rapide et ses options de stockage variées le rendent idéal pour les utilisateurs exigeants.",
    "categoryId": 1,
    "price": 45000,
    "details": {
      "Marque":["Apple"],
      "processeur":["A8 Bionic "],
      "Nom du modele":["iPhone 6s"],
      "Ram":["1 Go"],
      "Rom":["64 Go" , "128 Go" , "256 Go"],
      "Écran ": [" LCD"],
      "Batterie" : [" 1715 mAh,"],
      "Systeme d'exploitation":["IOS 8" , "IOS 12"]
    },
    "variations": [
      {
        "combinations": ["color-or", "capacity-16-go"],
        "price": 45000
      },
      {
        "combinations": ["color-or", "capacity-32-go"],
        "price": 45000
      },
      {
        "combinations": ["color-or", "capacity-64-go"],
        "price": 45000
      },
      {
        "combinations": ["color-or", "capacity-128-go"],
        "price": 45000
      },

      {
        "combinations": ["color-argent", "capacity-16-go"],
        "price": 45000
      },
      {
        "combinations": ["color-argent", "capacity-32-go"],
        "price": 45000
      },
      {
        "combinations": ["color-argent", "capacity-64-go"],
        "price": 45000
      },
      {
        "combinations": ["color-argent", "capacity-128-go"],
        "price": 45000
      },

      {
        "combinations": ["color-rose", "capacity-16-go"],
        "price": 45000
      },
      {
        "combinations": ["color-rose", "capacity-32-go"],
        "price": 45000
      },
      {
        "combinations": ["color-rose", "capacity-64-go"],
        "price": 45000
      },
      {
        "combinations": ["color-rose", "capacity-128-go"],
        "price": 45000
      }
    ],
    "images": [
      {
        "src": "/img/iphone/6/simple/gray.webp",
        "default": true
      },
      {
        "src": "/img/iphone/6/simple/argent.webp",
        "default": false
      },
      {
        "src": "/img/iphone/6/simple/gold.webp",
        "default": false
      },
      {
        "src": "/img/iphone/6/simple/pink.webp",
        "default": false
      }
    ]
  },
  {
    "id": "iphone-7",
    "name": "iPhone 7",
    "categoryId": 1,
    "price": 55000,
    "details": {
      "Marque":["Apple"],
      "processeur":["A9 Bionic "],
      "Nom du modele":["iPhone 7"],
      "Ram":["2 Go"],
      "Rom":["64 Go" , "128 Go" , "256 Go"],
      "Écran ": [" LCD"],
      "Batterie" : [" 1900 mAh"],
      "Systeme d'exploitation":["IOS 8" , "IOS 12"]
    },
    "description": "L'iPhone 7 présente des améliorations significatives en termes de performances et de capacité de la batterie, tout en offrant une résistance à l'eau et à la poussière. Son appareil photo avancé permet de capturer des images de haute qualité même dans des conditions de faible luminosité.",
    "variations": [
      {
        "combinations": ["color-or", "capacity-32-go"],
        "price": 55000
      },
      {
        "combinations": ["color-or", "capacity-128-go"],
        "price": 55000
      },
      {
        "combinations": ["color-or", "capacity-256-go"],
        "price": 55000
      },

      {
        "combinations": ["color-rose", "capacity-32-go"],
        "price": 55000
      },
      {
        "combinations": ["color-rose", "capacity-128-go"],
        "price": 55000
      },
      {
        "combinations": ["color-rose", "capacity-256-go"],
        "price": 55000
      },

      {
        "combinations": ["color-argent", "capacity-32-go"],
        "price": 55000
      },
      {
        "combinations": ["color-argent", "capacity-128-go"],
        "price": 55000
      },
      {
        "combinations": ["color-argent", "capacity-256-go"],
        "price": 55000
      },

      {
        "combinations": ["color-noir", "capacity-32-go"],
        "price": 55000
      },
      {
        "combinations": ["color-noir", "capacity-128-go"],
        "price": 55000
      },
      {
        "combinations": ["color-noir", "capacity-256-go"],
        "price": 55000
      },

      {
        "combinations": ["color-noir-jet", "capacity-32-go"],
        "price": 55000
      },
      {
        "combinations": ["color-noir-jet", "capacity-128-go"],
        "price": 55000
      },
      {
        "combinations": ["color-noir-jet", "capacity-256-go"],
        "price": 55000
      },

      {
        "combinations": ["color-rouge", "capacity-32-go"],
        "price": 55000
      },
      {
        "combinations": ["color-rouge", "capacity-128-go"],
        "price": 55000
      },
      {
        "combinations": ["color-rouge", "capacity-256-go"],
        "price": 55000
      }
    ],
    "images": [
      {
        "src": "/img/iphone/7/simple/black.webp",
        "default": false
      },
      {
        "src": "/img/iphone/7/simple/gold.webp",
        "default": false
      },
      {
        "src": "/img/iphone/7/simple/jet-black.webp",
        "default": true
      },
      {
        "src": "/img/iphone/7/simple/red.webp",
        "default": false
      },
      {
        "src": "/img/iphone/7/simple/pink.webp",
        "default": false
      },
      {
        "src": "/img/iphone/7/simple/silver.webp",
        "default": false
      }
    ]
  },
  {
    "id": "iphone-7s",
    "name": "iPhone 7s",
    "categoryId": 1,
    "price": 75000,
    "details": {
      "Marque":["Apple"],
      "processeur":["A9 Bionic "],
      "Nom du modele":["iPhone 7 plus"],
      "Ram":["4 Go"],
      "Rom":["64 Go" , "128 Go" , "256 Go"],
      "Écran ": [" LCD"],
      "Batterie" : [" 2000 mAh"],
      "Systeme d'exploitation":["IOS 8" , "IOS 12"]
    },
    "description": "L'iPhone 7s offre une expérience utilisateur améliorée avec un processeur plus rapide et une meilleure efficacité énergétique. Son écran Retina HD offre des couleurs plus vives et des détails plus nets, rendant chaque interaction plus agréable.",
    "variations": [
      {
        "combinations": ["color-or", "capacity-32-go"],
        "price": 75000
      },
      {
        "combinations": ["color-or", "capacity-128-go"],
        "price": 75000
      },
      {
        "combinations": ["color-or", "capacity-256-go"],
        "price": 75000
      },

      {
        "combinations": ["color-rose", "capacity-32-go"],
        "price": 75000
      },
      {
        "combinations": ["color-rose", "capacity-128-go"],
        "price": 75000
      },
      {
        "combinations": ["color-rose", "capacity-256-go"],
        "price": 75000
      },

      {
        "combinations": ["color-argent", "capacity-32-go"],
        "price": 75000
      },
      {
        "combinations": ["color-argent", "capacity-128-go"],
        "price": 75000
      },
      {
        "combinations": ["color-argent", "capacity-256-go"],
        "price": 75000
      },

      {
        "combinations": ["color-noir", "capacity-32-go"],
        "price": 75000
      },
      {
        "combinations": ["color-noir", "capacity-128-go"],
        "price": 75000
      },
      {
        "combinations": ["color-noir", "capacity-256-go"],
        "price": 75000
      },

      {
        "combinations": ["color-noir-jet", "capacity-32-go"],
        "price": 75000
      },
      {
        "combinations": ["color-noir-jet", "capacity-128-go"],
        "price": 75000
      },
      {
        "combinations": ["color-noir-jet", "capacity-256-go"],
        "price": 75000
      },

      {
        "combinations": ["color-rouge", "capacity-32-go"],
        "price": 75000
      },
      {
        "combinations": ["color-rouge", "capacity-128-go"],
        "price": 75000
      },
      {
        "combinations": ["color-rouge", "capacity-256-go"],
        "price": 75000
      }
    ],
    "images": [
      {
        "src": "/img/iphone/7/plus/black.webp",
        "default": false
      },
      {
        "src": "/img/iphone/7/plus/gold.webp",
        "default": false
      },
      {
        "src": "/img/iphone/7/plus/jet-black.webp",
        "default": false
      },
      {
        "src": "/img/iphone/7/plus/red.webp",
        "default": false
      },
      {
        "src": "/img/iphone/7/plus/pink.webp",
        "default": false
      },
      {
        "src": "/img/iphone/7/plus/silver.webp",
        "default": true
      }
    ]
  },
  {
    "id": "iphone-8",
    "name": "iPhone 8",
    "categoryId": 1,
    "description": "L'iPhone 8 introduit un design tout en verre, permettant la charge sans fil. Il est équipé du processeur A11 Bionic, qui offre des performances exceptionnelles pour les jeux et applications. La réalité augmentée est également une nouveauté marquante de ce modèle.",
    "price": 75000,
    "details": {
      "Marque":["Apple"],
      "processeur":["A10 Bionic "],
      "Nom du modele":["iPhone 8"],
      "Ram":["3 Go"],
      "Rom":["64 Go" ,"128 Go" , "256 Go"],
      "Écran ": [" LCD"],
      "Batterie" : [" 2700 mAh"],
      "Systeme d'exploitation":["IOS 11" , "IOS 16"]
    },
    "variations": [
      {
        "combinations": ["color-or", "capacity-64-go"],
        "price": 75000
      },
      {
        "combinations": ["color-or", "capacity-128-go"],
        "price": 75000
      },
      {
        "combinations": ["color-or", "capacity-256-go"],
        "price": 75000
      },

      {
        "combinations": ["color-argent", "capacity-64-go"],
        "price": 75000
      },
      {
        "combinations": ["color-argent", "capacity-128-go"],
        "price": 75000
      },
      {
        "combinations": ["color-argent", "capacity-256-go"],
        "price": 75000
      },

      {
        "combinations": ["color-gray", "capacity-64-go"],
        "price": 75000
      },
      {
        "combinations": ["color-gray", "capacity-128-go"],
        "price": 75000
      },
      {
        "combinations": ["color-gray", "capacity-256-go"],
        "price": 75000
      },

      {
        "combinations": ["color-red", "capacity-64-go"],
        "price": 75000
      },
      {
        "combinations": ["color-red", "capacity-128-go"],
        "price": 75000
      },
      {
        "combinations": ["color-red", "capacity-256-go"],
        "price": 75000
      }
    ],
    "images": [
      {
        "src": "/img/iphone/8/simple/black.webp",
        "default": false
      },
      {
        "src": "/img/iphone/8/simple/gold.webp",
        "default": false
      },
      {
        "src": "/img/iphone/8/simple/red.webp",
        "default": true
      },
      {
        "src": "/img/iphone/8/simple/silver.webp",
        "default": false
      }
    ]
  },
  {
    "id": "iphone-8-plus",
    "name": "iPhone 8 Plus",
    "description": "L'iPhone 8 Plus, avec son grand écran et ses capacités photographiques supérieures, est parfait pour les amateurs de multimédia. Il bénéficie également de la charge sans fil et du processeur A11 Bionic, offrant une puissance et une efficacité accrues.",
    "categoryId": 1,
    "price": 100000,
    "details": {
      "Marque":["Apple"],
      "processeur":["A10 Bionic "],
      "Nom du modele":["iPhone 8 plus"],
      "Ram":["3 Go"],
      "Rom":[" 64 Go" , "128 Go" , "256 Go"],
      "Écran ": [" LCD"],
      "Batterie" : [" 2900 mAh,"],
      "Systeme d'exploitation":["IOS 11" , "IOS 16"]
    },
    "variations": [
      {
        "combinations": ["color-or", "capacity-64-go"],
        "price": 100000
      },
      {
        "combinations": ["color-or", "capacity-128-go"],
        "price": 100000
      },
      {
        "combinations": ["color-or", "capacity-256-go"],
        "price": 100000
      },

      {
        "combinations": ["color-argent", "capacity-64-go"],
        "price": 100000
      },
      {
        "combinations": ["color-argent", "capacity-128-go"],
        "price": 100000
      },
      {
        "combinations": ["color-argent", "capacity-256-go"],
        "price": 100000
      },

      {
        "combinations": ["color-gray", "capacity-64-go"],
        "price": 100000
      },
      {
        "combinations": ["color-gray", "capacity-128-go"],
        "price": 100000
      },
      {
        "combinations": ["color-gray", "capacity-256-go"],
        "price": 100000
      },

      {
        "combinations": ["color-red", "capacity-64-go"],
        "price": 100000
      },
      {
        "combinations": ["color-red", "capacity-128-go"],
        "price": 100000
      },
      {
        "combinations": ["color-red", "capacity-256-go"],
        "price": 100000
      }
    ],
    "images": [
      {
        "src": "/img/iphone/8/plus/black.webp",
        "default": false
      },
      {
        "src": "/img/iphone/8/plus/gold.webp",
        "default": true
      },
      {
        "src": "/img/iphone/8/plus/red.webp",
        "default": false
      },
      {
        "src": "/img/iphone/8/plus/silver.webp",
        "default": false
      }
    ]
  },
  {
    "id": "iphone-x",
    "name": "iPhone x",
    "categoryId": 1,
    "description": "L'iPhone X révolutionne la technologie avec son écran Super Retina, le premier écran OLED qui répond aux standards d'iPhone, avec des couleurs précises et des noirs parfaits, un contraste impressionnant et une haute résolution. Avec la reconnaissance faciale Face ID, l'iPhone X offre une sécurité inégalée et une expérience utilisateur sans précédent.",
    "price": 110000,
    "details": {
      "Marque":["Apple"],
      "processeur":["A11 Bionic "],
      "Nom du modele":["iPhone x"],
      "Ram":["3 Go"],
      "Rom":["64 Go" , "256 Go" , "512 Go"],
      "Écran ": [" LCD"],
      "Batterie" : [" 2900 mAh"],
      "Systeme d'exploitation":["IOS 12" , "IOS 15"]
    },
    "variations": [
      {
        "combinations": ["color-argent", "capacity-64-go"],
        "price": 110000
      },
      {
        "combinations": ["color-argent", "capacity-256-go"],
        "price": 110000
      },
      {
        "combinations": ["color-gris-sideral", "capacity-64-go"],
        "price": 110000
      },
      {
        "combinations": ["color-gris-sideral", "capacity-256-go"],
        "price": 110000
      }
    ],
    "images": [
      {
        "src": "/img/iphone/x/gray.webp",
        "default": false
      },
      {
        "src": "/img/iphone/x/white.webp",
        "default": true
      }
    ]
  },
  {
    "id": "iphone-xs",
    "name": "iPhone xs",
    "description": "L'iPhone XS améliore l'expérience iPhone X avec des performances plus rapides grâce à la puce A12 Bionic, une gestion améliorée de la consommation d'énergie et des capacités photographiques avancées. Son écran Super Retina et le système de caméra double permettent de capturer des images d'une qualité exceptionnelle, même en conditions de faible luminosité.",
    "categoryId": 1,
    "price": 130000,
    "details": {
      "Marque":["Apple"],
      "processeur":["A12 Bionic "],
      "Nom du modele":["iPhone xs"],
      "Ram":["3 Go"],
      "Rom":["64 Go" , "256 Go" , "512 Go"],
      "Écran ": [" LCD"],
      "Batterie" : [" 2900 mAh"],
      "Systeme d'exploitation":["IOS 12 , IOS 16"]
    },
    "variations": [
      {
        "combinations": ["color-argent", "capacity-64-go"],
        "price": 130000
      },
      {
        "combinations": ["color-or", "capacity-64-go"],
        "price": 130000
      },
      {
        "combinations": ["color-gris-sideral", "capacity-64-go"],
        "price": 130000
      },
      {
        "combinations": ["color-argent", "capacity-256-go"],
        "price": 130000
      },
      {
        "combinations": ["color-gris-sideral", "capacity-256-go"],
        "price": 130000
      },
      {
        "combinations": ["color-or", "capacity-256-go"],
        "price": 130000
      },
      {
        "combinations": ["color-gris-sideral", "capacity-512-go"],
        "price": 130000
      },
      {
        "combinations": ["color-argent", "capacity-512-go"],
        "price": 130000
      },
      {
        "combinations": ["color-or", "capacity-512-go"],
        "price": 130000
      }
    ],
    "images": [
      {
        "src": "/img/iphone/xs/black.webp",
        "default": false
      },
      {
        "src": "/img/iphone/xs/black-2.webp",
        "default": false
      },
      {
        "src": "/img/iphone/xs/gold.webp",
        "default": false
      },
      {
        "src": "/img/iphone/xs/gold-2.webp",
        "default": false
      },
      {
        "src": "/img/iphone/xs/white.webp",
        "default": false
      },
      {
        "src": "/img/iphone/xs/white-2.webp",
        "default": true
      }
    ]
  },
  {
    "id": "iphone-xs-max",
    "name": "iPhone xs max",
    "description": "L'iPhone XS Max pousse les limites de l'écran des smartphones avec son écran Super Retina de 6,5 pouces, le plus grand jamais vu sur un iPhone. Il combine la puissance de la puce A12 Bionic avec un système de caméra double amélioré, offrant des performances photographiques de premier plan et une gestion optimale de l'énergie.",
    "categoryId": 1,
    "price": 155000,
    "details": {
      "Marque":["Apple"],
      "processeur":["A12 Bionic "],
      "Nom du modele":["iPhone xs max"],
      "Ram":["4 Go"],
      "Rom":["64 Go" , "256 Go" , "512 Go"],
      "Écran ": [" LCD"],
      "Batterie" : [" 3000 mAh"],
      "Systeme d'exploitation":["IOS 12" , "IOS 16"]
    },
    "variations": [
      {
        "combinations": ["color-argent", "capacity-64-go"],
        "price": 155000
      },
      {
        "combinations": ["color-or", "capacity-64-go"],
        "price": 155000
      },
      {
        "combinations": ["color-gris-sideral", "capacity-64-go"],
        "price": 155000
      },
      {
        "combinations": ["color-argent", "capacity-256-go"],
        "price": 155000
      },
      {
        "combinations": ["color-gris-sideral", "capacity-256-go"],
        "price": 155000
      },
      {
        "combinations": ["color-or", "capacity-256-go"],
        "price": 155000
      },
      {
        "combinations": ["color-gris-sideral", "capacity-512-go"],
        "price": 155000
      },
      {
        "combinations": ["color-argent", "capacity-512-go"],
        "price": 155000
      },
      {
        "combinations": ["color-or", "capacity-512-go"],
        "price": 155000
      }
    ],
    "images": [
      {
        "src": "/img/iphone/xs-max/black.webp",
        "default": false
      },
      {
        "src": "/img/iphone/xs-max/gold.webp",
        "default": true
      },
      {
        "src": "/img/iphone/xs-max/white.webp",
        "default": false
      }
    ]
  },
  {
    "id": "iphone-xr",
    "name": "iPhone xr",
    "description": "L'iPhone XR offre une gamme de couleurs vibrantes et un écran Liquid Retina, le LCD le plus avancé de l'industrie, offrant une précision de couleur incroyable et une réactivité impressionnante. Équipé de la puce A12 Bionic et de la technologie Face ID, il offre une performance rapide et sécurisée à un prix plus accessible.",
    "categoryId": 1,
    "price": 120000,
    "details": {
      "Marque":["Apple"],
      "processeur":["A12 Bionic "],
      "Nom du modele":["iPhone xr"],
      "Ram":["3 Go"],
      "Rom":["64 Go" , "128 Go" , "512 Go"],
      "Écran ": ["LCD"],
      "Batterie" : [" 2942 mAh"],
      "Systeme d'exploitation":["IOS 12" , "IOS 16"]
    },
    "variations": [
      {
        "combinations": ["color-blanc", "capacity-64-go"],
        "price": 120000
      },
      {
        "combinations": ["color-noir", "capacity-64-go"],
        "price": 120000
      },
      {
        "combinations": ["color-bleu", "capacity-64-go"],
        "price": 120000
      },
      {
        "combinations": ["color-jaune", "capacity-64-go"],
        "price": 120000
      },
      {
        "combinations": ["color-corail", "capacity-64-go"],
        "price": 120000
      },
      {
        "combinations": ["color-blanc", "capacity-128-go"],
        "price": 120000
      },
      {
        "combinations": ["color-noir", "capacity-128-go"],
        "price": 120000
      },
      {
        "combinations": ["color-bleu", "capacity-128-go"],
        "price": 120000
      },
      {
        "combinations": ["color-jaune", "capacity-128-go"],
        "price": 120000
      },
      {
        "combinations": ["color-corail", "capacity-128-go"],
        "price": 120000
      },
      {
        "combinations": ["color-rouge", "capacity-128-go"],
        "price": 120000
      },
      {
        "combinations": ["color-blanc", "capacity-256-go"],
        "price": 120000
      },
      {
        "combinations": ["color-bleu", "capacity-256-go"],
        "price": 120000
      },
      {
        "combinations": ["color-jaune", "capacity-256-go"],
        "price": 120000
      }
    ],
    "images": [
      {
        "src": "/img/iphone/xr/black.webp",
        "default": false
      },
      {
        "src": "/img/iphone/xr/blue.webp",
        "default": false
      },
      {
        "src": "/img/iphone/xr/corail.webp",
        "default": false
      },
      {
        "src": "/img/iphone/xr/red.webp",
        "default": false
      },
      {
        "src": "/img/iphone/xr/yellow.webp",
        "default": false
      },
      {
        "src": "/img/iphone/xr/white.webp",
        "default": true
      }
    ]
  },
  {
    "id": "iphone-11",
    "name": "iPhone 11",
    "description": "L'iPhone 11 combine une technologie de caméra avancée avec un système à double objectif, offrant des capacités photographiques exceptionnelles, y compris le mode nuit pour des photos impressionnantes dans des conditions de faible luminosité. Équipé de la puce A13 Bionic, il offre une performance rapide et efficace, idéale pour le gaming et les applications de réalité augmentée.",
    "categoryId": 1,
    "price": 155000,
    "details": {
      "Marque":["Apple"],
      "processeur":["Apple A13 Bionic "],
      "Nom du modele":["iPhone 11"],
      "Ram":["4 Go"],
      "Mémoire":["64 Go" , "128 Go" , "256 Go"],
      "Écran": ["Liquid Retina IPS LCD"],
      "batterie" : [" 3110 mAh"]
    },
    "variations": [
      {
        "combinations": ["color-jaune", "capacity-64-go"],
        "price": 155000
      },

      {
        "combinations": ["color-jaune", "capacity-256-go"],
        "price": 155000
      },

      {
        "combinations": ["color-jaune", "capacity-512-go"],
        "price": 155000
      },

      {
        "combinations": ["color-vert", "capacity-64-go"],
        "price": 155000
      },

      {
        "combinations": ["color-vert", "capacity-256-go"],
        "price": 155000
      },

      {
        "combinations": ["color-vert", "capacity-512-go"],
        "price": 155000
      },

      {
        "combinations": ["color-noir", "capacity-64-go"],
        "price": 155000
      },

      {
        "combinations": ["color-noir", "capacity-256-go"],
        "price": 155000
      },

      {
        "combinations": ["color-noir", "capacity-512-go"],
        "price": 155000
      },

      {
        "combinations": ["color-blanc", "capacity-64-go"],
        "price": 155000
      },

      {
        "combinations": ["color-blanc", "capacity-256-go"],
        "price": 155000
      },

      {
        "combinations": ["color-blanc", "capacity-512-go"],
        "price": 155000
      },


      {
        "combinations": ["color-rouge", "capacity-64-go"],
        "price": 155000
      },

      {
        "combinations": ["color-rouge", "capacity-256-go"],
        "price": 155000
      },

      {
        "combinations": ["color-rouge", "capacity-512-go"],
        "price": 155000
      },

      {
        "combinations": ["color-mauve", "capacity-64-go"],
        "price": 155000
      },

      {
        "combinations": ["color-mauve", "capacity-256-go"],
        "price": 155000
      },

      {
        "combinations": ["color-mauve", "capacity-512-go"],
        "price": 155000
      }
    ],
    "images": [
      {
        "src": "/img/iphone/11/black.webp",
        "default": false
      },
      {
        "src": "/img/iphone/11/green.webp",
        "default": true
      },
      {
        "src": "/img/iphone/11/purple.webp",
        "default": false
      },
      {
        "src": "/img/iphone/11/red.webp",
        "default": false
      },
      {
        "src": "/img/iphone/11/white.webp",
        "default": false
      },
      {
        "src": "/img/iphone/11/yellow.webp",
        "default": false
      }
    ]
  },
  {
    "id": "iphone-11-pro",
    "name": "iPhone 11 pro",
    "description": "L'iPhone 11 Pro offre une expérience de photographie professionnelle avec son système à triple caméra, permettant une grande flexibilité dans la prise de vue. Équipé de la puce A13 Bionic et d'un écran Super Retina XDR, il assure des performances et une qualité d'affichage exceptionnelles. Sa batterie longue durée et sa construction robuste en font un choix idéal pour les utilisateurs exigeants.",
    "categoryId": 1,
    "price": 200000,
    "details": {
      "Marque":["Apple"],
      "processeur":["Apple A13 Bionic "],
      "Nom du modele":["iPhone 11 pro max"],
      "Ram":["4 Go"],
      "Rom":["64 Go" , "256 Go" , "512 Go"],
      "Écran": ["OLED"],
      "Batterie" : [" 3969 mAh"],
      "Systeme d'exploitation":["IOS 13" , "IOS 17"]
    },
    "variations": [
      {
        "combinations": ["color-vert", "capacity-64-go"],
        "price": 200000
      },
      {
        "combinations": ["color-argent", "capacity-64-go"],
        "price": 200000
      },
      {
        "combinations": ["color-or", "capacity-64-go"],
        "price": 200000
      },
      {
        "combinations": ["color-gris-sideral", "capacity-64-go"],
        "price": 200000
      },
      {
        "combinations": ["color-argent", "capacity-256-go"],
        "price": 200000
      },
      {
        "combinations": ["color-gris-sideral", "capacity-256-go"],
        "price": 200000
      },
      {
        "combinations": ["color-vert", "capacity-256-go"],
        "price": 200000
      },
      {
        "combinations": ["color-or", "capacity-256-go"],
        "price": 200000
      },
      {
        "combinations": ["color-gris-sideral", "capacity-512-go"],
        "price": 200000
      },
      {
        "combinations": ["color-argent", "capacity-512-go"],
        "price": 200000
      },
      {
        "combinations": ["color-or", "capacity-512-go"],
        "price": 200000
      },
      {
        "combinations": ["color-vert", "capacity-512-go"],
        "price": 200000
      }
    ],
    "images": [
      {
        "src": "/img/iphone/11-pro/black.webp",
        "default": false
      },
      {
        "src": "/img/iphone/11-pro/gold.webp",
        "default": true
      },
      {
        "src": "/img/iphone/11-pro/green.webp",
        "default": false
      },
      {
        "src": "/img/iphone/11-pro/white.webp",
        "default": false
      }
    ]
  },
  {
    "id": "iphone-11-pro-max",
    "name": "iPhone 11 pro max",
    "description": "L'iPhone 11 Pro Max est le summum de la technologie Apple, avec son écran de 6,5 pouces Super Retina XDR qui offre une visibilité impressionnante sous tous les angles et dans toutes les conditions de lumière. Comme l'iPhone 11 Pro, il dispose d'un système à triple caméra et de la puce A13 Bionic, mais avec une autonomie encore améliorée, ce qui le rend parfait pour les longues journées ou les utilisations intensives.",
    "categoryId": 1,
    "details": {
      "Marque":["Apple"],
      "processeur":["Apple A13 Bionic "],
      "Nom du modele":["iPhone 11 pro max"],
      "Ram":["4 Go"],
      "Rom":["64 Go" , "256 Go" , "512 Go"],
      "Écran ": ["OLED"],
      "Batterie" : [" 3969 mAh"],
      "Systeme d'exploitation":["IOS 13" , "IOS 17"]
    },
    "price": 230000,
    "variations": [
      {
        "combinations": ["color-vert", "capacity-64-go"],
        "price": 230000
      },
      {
        "combinations": ["color-argent", "capacity-64-go"],
        "price": 230000
      },
      {
        "combinations": ["color-or", "capacity-64-go"],
        "price": 230000
      },
      {
        "combinations": ["color-gris-sideral", "capacity-64-go"],
        "price": 230000
      },
      {
        "combinations": ["color-argent", "capacity-256-go"],
        "price": 230000
      },
      {
        "combinations": ["color-gris-sideral", "capacity-256-go"],
        "price": 230000
      },
      {
        "combinations": ["color-or", "capacity-256-go"],
        "price": 230000
      },
      {
        "combinations": ["color-vert", "capacity-256-go"],
        "price": 230000
      },
      {
        "combinations": ["color-gris-sideral", "capacity-512-go"],
        "price": 230000
      },
      {
        "combinations": ["color-argent", "capacity-512-go"],
        "price": 230000
      },
      {
        "combinations": ["color-or", "capacity-512-go"],
        "price": 230000
      },
      {
        "combinations": ["color-vert", "capacity-512-go"],
        "price": 230000
      }
    ],
    "images": [
      {
        "src": "/img/iphone/11-pro-max/black.webp",
        "default": true
      },
      {
        "src": "/img/iphone/11-pro-max/gold.webp",
        "default": false
      },
      {
        "src": "/img/iphone/11-pro-max/green.webp",
        "default": false
      },
      {
        "src": "/img/iphone/11-pro-max/white.webp",
        "default": false
      }
    ]
  },
  {
    "id": "iphone-12",
    "name": "iPhone 12",
    "description": "L'iPhone 12 introduit un nouveau design avec des bords plats et un écran Super Retina XDR, offrant des couleurs incroyablement précises et une luminosité améliorée. Supportant la 5G, il assure une connectivité ultra-rapide. La puce A14 Bionic propulse ses performances à un niveau supérieur, rendant chaque action plus rapide et plus fluide.",
    "categoryId": 1,
    "price": 195000,
    "details": {
      "Marque":["Apple"],
      "processeur":["Apple A14 Bionic "],
      "Nom du modele":["iPhone 12"],
      "Ram":["4 Go"],
      "Rom":["64 Go" , "256 Go" , "512 Go"],
      "Écran ": [" Super Retina OLED"],
      "Batterie" : [" 2227 mAh"],
      "Systeme d'exploitation":["IOS 14" , "IOS 17"]
    },
    "variations": [
      {
        "combinations": ["color-bleu", "capacity-64-go"],
        "price": 195000
      },

      {
        "combinations": ["color-bleu", "capacity-256-go"],
        "price": 195000
      },

      {
        "combinations": ["color-bleu", "capacity-512-go"],
        "price": 195000
      },

      {
        "combinations": ["color-vert", "capacity-64-go"],
        "price": 195000
      },

      {
        "combinations": ["color-vert", "capacity-256-go"],
        "price": 195000
      },

      {
        "combinations": ["color-vert", "capacity-512-go"],
        "price": 195000
      },

      {
        "combinations": ["color-noir", "capacity-64-go"],
        "price": 195000
      },

      {
        "combinations": ["color-noir", "capacity-256-go"],
        "price": 195000
      },

      {
        "combinations": ["color-noir", "capacity-512-go"],
        "price": 195000
      },

      {
        "combinations": ["color-blanc", "capacity-64-go"],
        "price": 195000
      },

      {
        "combinations": ["color-blanc", "capacity-256-go"],
        "price": 195000
      },

      {
        "combinations": ["color-blanc", "capacity-512-go"],
        "price": 195000
      },


      {
        "combinations": ["color-rouge", "capacity-64-go"],
        "price": 195000
      },

      {
        "combinations": ["color-rouge", "capacity-256-go"],
        "price": 195000
      },

      {
        "combinations": ["color-rouge", "capacity-512-go"],
        "price": 195000
      },

      {
        "combinations": ["color-mauve", "capacity-64-go"],
        "price": 195000
      },

      {
        "combinations": ["color-mauve", "capacity-256-go"],
        "price": 195000
      },

      {
        "combinations": ["color-mauve", "capacity-512-go"],
        "price": 195000
      }
    ],
    "images": [
      {
        "src": "/img/iphone/12/black.webp",
        "default": true
      },
      {
        "src": "/img/iphone/12/blue.webp",
        "default": false
      },
      {
        "src": "/img/iphone/12/green.webp",
        "default": false
      },
      {
        "src": "/img/iphone/12/white.webp",
        "default": false
      },
      {
        "src": "/img/iphone/12/purple.webp",
        "default": false
      },
      {
        "src": "/img/iphone/12/red.webp",
        "default": false
      }
    ]
  },
  {
    "id": "iphone-12-mini",
    "name": "iPhone 12 mini",
    "description": " L'iPhone 12 mini est un concentré de puissance dans un format compact. Doté d'un écran Super Retina XDR de 5,4 pouces, il offre les mêmes performances exceptionnelles que ses homologues plus grands de la gamme iPhone 12, le tout dans un design facile à manipuler et à transporter.",
    "categoryId": 1,
    "price": 185000,
    "details": {
      "Marque":["Apple"],
      "processeur":["A14 Bionic "],
      "Nom du modele":["iPhone 12 mini"],
      "Ram":["4 Go"],
      "Rom":["128 Go" , "256 Go" , "512 Go" , "1 To"],
      "Écran ": [" OLED"],
      "Batterie" : [" 2227 mAh"],
      "Systeme d'exploitation":["IOS 14" , "IOS 17"]
    },
    "variations": [
      {
        "combinations": ["color-bleu", "capacity-64-go"],
        "price": 185000
      },

      {
        "combinations": ["color-bleu", "capacity-256-go"],
        "price": 185000
      },

      {
        "combinations": ["color-bleu", "capacity-512-go"],
        "price": 185000
      },

      {
        "combinations": ["color-vert", "capacity-64-go"],
        "price": 185000
      },

      {
        "combinations": ["color-vert", "capacity-256-go"],
        "price": 185000
      },

      {
        "combinations": ["color-vert", "capacity-512-go"],
        "price": 185000
      },

      {
        "combinations": ["color-noir", "capacity-64-go"],
        "price": 185000
      },

      {
        "combinations": ["color-noir", "capacity-256-go"],
        "price": 185000
      },

      {
        "combinations": ["color-noir", "capacity-512-go"],
        "price": 185000
      },

      {
        "combinations": ["color-blanc", "capacity-64-go"],
        "price": 185000
      },

      {
        "combinations": ["color-blanc", "capacity-256-go"],
        "price": 185000
      },

      {
        "combinations": ["color-blanc", "capacity-512-go"],
        "price": 185000
      },


      {
        "combinations": ["color-rouge", "capacity-64-go"],
        "price": 185000
      },

      {
        "combinations": ["color-rouge", "capacity-256-go"],
        "price": 185000
      },

      {
        "combinations": ["color-rouge", "capacity-512-go"],
        "price": 185000
      },

      {
        "combinations": ["color-mauve", "capacity-64-go"],
        "price": 185000
      },

      {
        "combinations": ["color-mauve", "capacity-256-go"],
        "price": 185000
      },

      {
        "combinations": ["color-mauve", "capacity-512-go"],
        "price": 185000
      }
    ],
    "images": [
      {
        "src": "/img/iphone/12/black.webp",
        "default": false
      },
      {
        "src": "/img/iphone/12/blue.webp",
        "default": true
      },
      {
        "src": "/img/iphone/12/green.webp",
        "default": false
      },
      {
        "src": "/img/iphone/12/white.webp",
        "default": false
      },
      {
        "src": "/img/iphone/12/purple.webp",
        "default": false
      },
      {
        "src": "/img/iphone/12/red.webp",
        "default": false
      }
    ]
  },
  {
    "id": "iphone-12-pro",
    "name": "iPhone 12 pro",
    "description": " L'iPhone 12 Pro est le choix des professionnels et des amateurs de photographie. Avec son système de caméra Pro avancé, comprenant un capteur LiDAR pour des performances de réalité augmentée améliorées et des capacités de photographie nocturne, ainsi que sa finition en acier inoxydable et son écran Super Retina XDR de 6,1 pouces, il offre une expérience premium à chaque instant.",
    "categoryId": 1,
    "price": 260000,
    "details": {
      "Marque":["Apple"],
      "processeur":["Apple A14 Bionic "],
      "Nom du modele":["iPhone 12 pro"],
      "Ram":["6 Go"],
      "Rom":["64 Go" , "256 Go" , "512 Go"],
      "Écran ": [" Super Retina XDR OLED"],
      "Batterie" : [" 2815 mAh"],
      "Systeme d'exploitation":["IOS 14" , "IOS 17"]
    },
    "variations": [
      {
        "combinations": ["color-argent", "capacity-64-go"],
        "price": 260000
      },
      {
        "combinations": ["color-or", "capacity-64-go"],
        "price": 260000
      },
      {
        "combinations": ["color-bleu", "capacity-64-go"],
        "price": 260000
      },
      {
        "combinations": ["color-graphite", "capacity-64-go"],
        "price": 260000
      },
      {
        "combinations": ["color-argent", "capacity-256-go"],
        "price": 260000
      },
      {
        "combinations": ["color-graphite", "capacity-256-go"],
        "price": 260000
      },
      {
        "combinations": ["color-or", "capacity-256-go"],
        "price": 260000
      },

      {
        "combinations": ["color-bleu", "capacity-256-go"],
        "price": 260000
      },
      {
        "combinations": ["color-graphite", "capacity-512-go"],
        "price": 260000
      },
      {
        "combinations": ["color-argent", "capacity-512-go"],
        "price": 260000
      },
      {
        "combinations": ["color-or", "capacity-512-go"],
        "price": 260000
      }
      ,
      {
        "combinations": ["color-bleu", "capacity-512-go"],
        "price": 260000
      }
    ],
    "images": [
      {
        "src": "/img/iphone/12-pro/black.webp",
        "default": true
      },
      {
        "src": "/img/iphone/12-pro/gold.webp",
        "default": false
      },
      {
        "src": "/img/iphone/12-pro/blue.webp",
        "default": false
      },
      {
        "src": "/img/iphone/12-pro/white.webp",
        "default": false
      }
    ]
  },
  {
    "id": "iphone-12-pro-max",
    "name": "iPhone 12 pro max",
    "description": "L'iPhone 12 Pro Max repousse les limites de la photographie sur smartphone. Avec son impressionnant système de caméra Pro Max comprenant un capteur LiDAR, des objectifs améliorés et la technologie de stabilisation d'image sur capteur, il offre des performances exceptionnelles même dans les conditions les plus difficiles. Doté d'un écran Super Retina XDR de 6,7 pouces, il offre une expérience visuelle immersive incomparable.",
    "categoryId": 1,
    "price": 330000,
    "details": {
      "Marque":["Apple"],
      "Processeur":["Apple A14 Bionic "],
      "Nom du modele":["iPhone 12 pro max"],
      "Ram":["6 Go"],
      "Rom":["128 Go" , "256 Go" , "512 Go"],
      "Écran ": [" Super Retina XDR OLED"],
      "Batterie" : [" 3687 mAh"],
      "Systeme d'exploitation":["IOS 14" , "IOS 17"]
    },
    "variations": [
      {
        "combinations": ["color-argent", "capacity-64-go"],
        "price": 330000
      },
      {
        "combinations": ["color-or", "capacity-64-go"],
        "price": 330000
      },
      {
        "combinations": ["color-bleu", "capacity-64-go"],
        "price": 330000
      },
      {
        "combinations": ["color-graphite", "capacity-64-go"],
        "price": 330000
      },
      {
        "combinations": ["color-argent", "capacity-256-go"],
        "price": 330000
      },
      {
        "combinations": ["color-graphite", "capacity-256-go"],
        "price": 330000
      },
      {
        "combinations": ["color-or", "capacity-256-go"],
        "price": 330000
      },

      {
        "combinations": ["color-bleu", "capacity-256-go"],
        "price": 330000
      },
      {
        "combinations": ["color-graphite", "capacity-512-go"],
        "price": 330000
      },
      {
        "combinations": ["color-argent", "capacity-512-go"],
        "price": 330000
      },
      {
        "combinations": ["color-or", "capacity-512-go"],
        "price": 330000
      }
      ,
      {
        "combinations": ["color-bleu", "capacity-512-go"],
        "price": 330000
      }
    ],
    "images": [
      {
        "src": "/img/iphone/12-pro/black.webp",
        "default": false
      },
      {
        "src": "/img/iphone/12-pro/gold.webp",
        "default": false
      },
      {
        "src": "/img/iphone/12-pro/blue.webp",
        "default": true
      },
      {
        "src": "/img/iphone/12-pro/white.webp",
        "default": false
      }
    ]
  },
  {
    "id": "iphone-13",
    "name": "iPhone 13",
    "description": "L'iPhone 13 représente l'évolution de la perfection. Avec son design élégant, son écran Super Retina XDR, ses performances améliorées et sa durée de vie de la batterie prolongée, il redéfinit les attentes en matière de smartphone haut de gamme.",
    "categoryId": 1,
    "price": 310000,
    "details": {
      "Marque":["Apple"],
      "processeur":["A15 Bionic "],
      "Nom du modele":["iPhone 13"],
      "Ram":["4 Go"],
      "Rom":["128 Go" , "256 Go" , "512 Go"],
      "Écran ": [" OLED"],
      "Batterie" : [" 3240 mAh"],
      "Systeme d'exploitation":["IOS 15 , IOS 17"]
    },
    "variations": [
      {
        "combinations": ["color-vert", "capacity-64-go"],
        "price": 310000
      },
      {
        "combinations": ["color-rose", "capacity-64-go"],
        "price": 310000
      },
      {
        "combinations": ["color-bleu", "capacity-64-go"],
        "price": 310000
      },
      {
        "combinations": ["color-noir", "capacity-64-go"],
        "price": 310000
      },
      {
        "combinations": ["color-blanc", "capacity-64-go"],
        "price": 310000
      },
      {
        "combinations": ["color-rouge", "capacity-64-go"],
        "price": 310000
      },


      {
        "combinations": ["color-vert", "capacity-256-go"],
        "price": 310000
      },
      {
        "combinations": ["color-rose", "capacity-256-go"],
        "price": 310000
      },
      {
        "combinations": ["color-bleu", "capacity-256-go"],
        "price": 310000
      },
      {
        "combinations": ["color-noir", "capacity-256-go"],
        "price": 310000
      },
      {
        "combinations": ["color-blanc", "capacity-256-go"],
        "price": 310000
      },
      {
        "combinations": ["color-rouge", "capacity-256-go"],
        "price": 310000
      },


      {
        "combinations": ["color-vert", "capacity-512-go"],
        "price": 310000
      },
      {
        "combinations": ["color-rose", "capacity-512-go"],
        "price": 310000
      },
      {
        "combinations": ["color-bleu", "capacity-512-go"],
        "price": 310000
      },
      {
        "combinations": ["color-noir", "capacity-512-go"],
        "price": 310000
      },
      {
        "combinations": ["color-blanc", "capacity-512-go"],
        "price": 310000
      },
      {
        "combinations": ["color-rouge", "capacity-512-go"],
        "price": 310000
      }
    ],
    "images": [
      {
        "src": "/img/iphone/13/blue.webp",
        "default": false
      },
      {
        "src": "/img/iphone/13/green.webp",
        "default": false
      },
      {
        "src": "/img/iphone/13/midnight.webp",
        "default": false
      },
      {
        "src": "/img/iphone/13/pink.webp",
        "default": true
      },
      {
        "src": "/img/iphone/13/red.webp",
        "default": false
      },
      {
        "src": "/img/iphone/13/white.webp",
        "default": false
      }
    ]
  },
  {
    "id": "iphone-13-mini",
    "name": "iPhone 13 mini",
    "description": "L'iPhone 13 mini combine puissance et compacité. Doté d'un écran Super Retina XDR de petite taille mais impressionnant, il offre les mêmes performances de pointe que son homologue plus grand dans un format facile à manipuler et à transporter.",
    "categoryId": 1,
    "price": 300000,
    "details": {
      "Marque":["Apple"],
      "processeur":["A15 Bionic "],
      "Nom du modele":["iPhone 13 mini"],
      "Ram":["6 Go"],
      "Rom":["128 Go" , "256 Go" , "512 Go" , "1 To"],
      "Écran ": [" OLED"],
      "Batterie" : [" 3279 mAh"],
      "Systeme d'exploitation":["IOS 16" , "IOS 17"]
    },
    "variations": [
      {
        "combinations": ["color-vert", "capacity-64-go"],
        "price": 300000
      },
      {
        "combinations": ["color-rose", "capacity-64-go"],
        "price": 300000
      },
      {
        "combinations": ["color-bleu", "capacity-64-go"],
        "price": 300000
      },
      {
        "combinations": ["color-noir", "capacity-64-go"],
        "price": 300000
      },
      {
        "combinations": ["color-blanc", "capacity-64-go"],
        "price": 300000
      },
      {
        "combinations": ["color-rouge", "capacity-64-go"],
        "price": 300000
      },


      {
        "combinations": ["color-vert", "capacity-256-go"],
        "price": 300000
      },
      {
        "combinations": ["color-rose", "capacity-256-go"],
        "price": 300000
      },
      {
        "combinations": ["color-bleu", "capacity-256-go"],
        "price": 300000
      },
      {
        "combinations": ["color-noir", "capacity-256-go"],
        "price": 300000
      },
      {
        "combinations": ["color-blanc", "capacity-256-go"],
        "price": 300000
      },
      {
        "combinations": ["color-rouge", "capacity-256-go"],
        "price": 300000
      },


      {
        "combinations": ["color-vert", "capacity-512-go"],
        "price": 300000
      },
      {
        "combinations": ["color-rose", "capacity-512-go"],
        "price": 300000
      },
      {
        "combinations": ["color-bleu", "capacity-512-go"],
        "price": 300000
      },
      {
        "combinations": ["color-noir", "capacity-512-go"],
        "price": 300000
      },
      {
        "combinations": ["color-blanc", "capacity-512-go"],
        "price": 300000
      },
      {
        "combinations": ["color-rouge", "capacity-512-go"],
        "price": 300000
      }
    ],
    "images": [
      {
        "src": "/img/iphone/13/blue.webp",
        "default": false
      },
      {
        "src": "/img/iphone/13/green.webp",
        "default": false
      },
      {
        "src": "/img/iphone/13/midnight.webp",
        "default": false
      },
      {
        "src": "/img/iphone/13/pink.webp",
        "default": false
      },
      {
        "src": "/img/iphone/13/red.webp",
        "default": true
      },
      {
        "src": "/img/iphone/13/white.webp",
        "default": false
      }
    ]
  },
  {
    "id": "iphone-13-pro",
    "name": "iPhone 13 pro",
    "description": "L'iPhone 13 Pro est conçu pour les professionnels et les passionnés de technologie. Avec son système de caméra Pro avancé, son écran ProMotion, ses performances ultra-rapides et son design premium en acier inoxydable, il repousse les limites de ce qu'un smartphone peut accomplir.",
    "categoryId": 1,
    "price": 375000,
    "details": {
      "Marque":["Apple"],
      "processeur":["A15 Bionic "],
      "Nom du modele":["iPhone 13 pro"],
      "Ram":["6 Go"],
      "Rom":["128 Go" , "256 Go" , "512 Go"],
      "Écran ": [" OLED"],
      "Batterie" : [" 3095 mAh"],
      "Systeme d'exploitation":["IOS 14" , "IOS 17"]
    },
    "variations": [
      {
        "combinations": ["color-argent", "capacity-64-go"],
        "price": 375000
      },
      {
        "combinations": ["color-or", "capacity-64-go"],
        "price": 375000
      },
      {
        "combinations": ["color-graphite", "capacity-64-go"],
        "price": 375000
      },
      {
        "combinations": ["color-vert", "capacity-64-go"],
        "price": 375000
      },
      {
        "combinations": ["color-bleu", "capacity-64-go"],
        "price": 375000
      },
      {
        "combinations": ["color-argent", "capacity-256-go"],
        "price": 375000
      },
      {
        "combinations": ["color-graphite", "capacity-256-go"],
        "price": 375000
      },
      {
        "combinations": ["color-bleu", "capacity-256-go"],
        "price": 375000
      },
      {
        "combinations": ["color-vert", "capacity-256-go"],
        "price": 375000
      },
      {
        "combinations": ["color-or", "capacity-256-go"],
        "price": 375000
      },
      {
        "combinations": ["color-graphite", "capacity-512-go"],
        "price": 375000
      },
      {
        "combinations": ["color-argent", "capacity-512-go"],
        "price": 375000
      },
      {
        "combinations": ["color-or", "capacity-512-go"],
        "price": 375000
      },
      {
        "combinations": ["color-vert", "capacity-512-go"],
        "price": 375000
      },
      {
        "combinations": ["color-bleu", "capacity-512-go"],
        "price": 375000
      }
    ],
    "images": [
      {
        "src": "/img/iphone/13-pro/blue.webp",
        "default": true
      },
      {
        "src": "/img/iphone/13-pro/green.webp",
        "default": false
      },
      {
        "src": "/img/iphone/13-pro/black.webp",
        "default": false
      },
      {
        "src": "/img/iphone/13-pro/gold.webp",
        "default": false
      },
      {
        "src": "/img/iphone/13-pro/white.webp",
        "default": false
      }
    ]
  },
  {
    "id": "iphone-13-pro-max",
    "name": "iPhone 13 pro max",
    "description": " L'iPhone 13 Pro Max est le summum de l'innovation. Avec son écran Super Retina XDR de grande taille, son système de caméra Pro Max révolutionnaire, ses performances exceptionnelles et sa longue autonomie de la batterie, il offre une expérience sans compromis pour les utilisateurs les plus exigeants.",
    "discount": {
      "is_discount": true,
      "type": "amount",
      "value": 10000
    },
    "details": {
      "Marque":["Apple"],
      "processeur":["A15 Bionic "],
      "Nom du modele":["iPhone 13 pro max"],
      "Ram":["6 Go"],
      "Rom":["128 Go" , "256 Go" , "512 Go" , "1 To"],
      "Écran ": [" OLED"],
      "Batterie" : [" 4352 mAh"],
      "Systeme d'exploitation":["IOS 15" , "IOS 17"]
    },
    "categoryId": 1,
    "price": 425000,
    "variations": [
      {
        "combinations": ["color-argent", "capacity-64-go"],
        "price": 425000
      },
      {
        "combinations": ["color-or", "capacity-64-go"],
        "price": 425000
      },
      {
        "combinations": ["color-graphite", "capacity-64-go"],
        "price": 425000
      },
      {
        "combinations": ["color-vert", "capacity-64-go"],
        "price": 425000
      },
      {
        "combinations": ["color-bleu", "capacity-64-go"],
        "price": 425000
      },
      {
        "combinations": ["color-argent", "capacity-256-go"],
        "price": 425000
      },
      {
        "combinations": ["color-graphite", "capacity-256-go"],
        "price": 425000
      },
      {
        "combinations": ["color-bleu", "capacity-256-go"],
        "price": 425000
      },
      {
        "combinations": ["color-vert", "capacity-256-go"],
        "price": 425000
      },
      {
        "combinations": ["color-or", "capacity-256-go"],
        "price": 425000
      },
      {
        "combinations": ["color-graphite", "capacity-512-go"],
        "price": 425000
      },
      {
        "combinations": ["color-argent", "capacity-512-go"],
        "price": 425000
      },
      {
        "combinations": ["color-or", "capacity-512-go"],
        "price": 425000
      },
      {
        "combinations": ["color-vert", "capacity-512-go"],
        "price": 425000
      },
      {
        "combinations": ["color-bleu", "capacity-512-go"],
        "price": 425000
      }
    ],
    "images": [
      {
        "src": "/img/iphone/13-pro/blue.webp",
        "default": true
      },
      {
        "src": "/img/iphone/13-pro/green.webp",
        "default": false
      },
      {
        "src": "/img/iphone/13-pro/black.webp",
        "default": false
      },
      {
        "src": "/img/iphone/13-pro/gold.webp",
        "default": false
      },
      {
        "src": "/img/iphone/13-pro/white.webp",
        "default": false
      }
    ]
  },
  {
    "id": "iphone-14",
    "name": "iPhone 14",
    "categoryId": 1,
    "description": "Le nouvel iPhone 14 offre des performances puissantes avec sa puce A16 Bionic, un écran OLED Super Retina XDR de 6,1 pouces et un système de double caméra avancé pour des photos et vidéos de haute qualité. Profitez de la 5G, d'une autonomie améliorée et de fonctionnalités de sécurité avancées.  ",
    "price": 410000,
    "details": {
      "Marque":["Apple"],
      "processeur":["A16 Bionic "],
      "Nom du modele":["iPhone 14"],
      "Ram":["6 Go"],
      "Rom":["128 Go" , "256 Go" , "512 Go" , "1 To"],
      "Écran ": [" OLED"],
      "Batterie" : [" 3279 mAh"],
      "Systeme d'exploitation":["IOS 15" , "IOS 17"]
    },
    "variations": [
      {
        "combinations": ["color-bleu", "capacity-64-go"],
        "price": 410000
      },
      {
        "combinations": ["color-mauve", "capacity-64-go"],
        "price": 410000
      },
      {
        "combinations": ["color-jaune", "capacity-64-go"],
        "price": 410000
      },
      {
        "combinations": ["color-noir", "capacity-64-go"],
        "price": 410000
      },
      {
        "combinations": ["color-blanc", "capacity-64-go"],
        "price": 410000
      },
      {
        "combinations": ["color-rouge", "capacity-64-go"],
        "price": 410000
      },

      {
        "combinations": ["color-bleu", "capacity-256-go"],
        "price": 410000
      },
      {
        "combinations": ["color-mauve", "capacity-256-go"],
        "price": 410000
      },
      {
        "combinations": ["color-jaune", "capacity-256-go"],
        "price": 410000
      },
      {
        "combinations": ["color-noir", "capacity-256-go"],
        "price": 410000
      },
      {
        "combinations": ["color-blanc", "capacity-256-go"],
        "price": 410000
      },
      {
        "combinations": ["color-rouge", "capacity-256-go"],
        "price": 410000
      },

      {
        "combinations": ["color-bleu", "capacity-512-go"],
        "price": 410000
      },
      {
        "combinations": ["color-mauve", "capacity-512-go"],
        "price": 410000
      },
      {
        "combinations": ["color-jaune", "capacity-512-go"],
        "price": 410000
      },
      {
        "combinations": ["color-noir", "capacity-512-go"],
        "price": 410000
      },
      {
        "combinations": ["color-blanc", "capacity-512-go"],
        "price": 410000
      },
      {
        "combinations": ["color-rouge", "capacity-512-go"],
        "price": 410000
      }
    ],
    "images": [
      {
        "src": "/img/iphone/14/blue.webp",
        "default": false
      },
      {
        "src": "/img/iphone/14/light.webp",
        "default": false
      },
      {
        "src": "/img/iphone/14/midnight.webp",
        "default": false
      },
      {
        "src": "/img/iphone/14/purple.webp",
        "default": false
      },
      {
        "src": "/img/iphone/14/red.webp",
        "default": true
      },
      {
        "src": "/img/iphone/14/yellow.webp",
        "default": false
      }
    ]
  },
  {
    "id": "iphone-14-plus",
    "name": "iPhone 14 plus",
    "description": "L'iPhone 14 Plus se distingue par son grand écran OLED Super Retina XDR de 6,7 pouces, parfait pour les amateurs de multimédia. Il embarque la même puce A16 Bionic que l'iPhone 14 et propose une double caméra performante, ainsi qu'une batterie longue durée pour une expérience prolongée.",
    "categoryId": 1,
    "price": 450000,
    "details": {
      "Marque":["Apple"],
      "processeur":["A15 Bionic "],
      "Nom du modele":["iPhone 14 plus"],
      "Ram":["6 Go"],
      "Rom":["128 Go" , "256 Go" , "512 Go"],
      "Écran ": [" OLED"],
      "Batterie" : [" 4325 mAh"],
      "Systeme d'exploitation":["IOS 16" , "IOS 17"]
    },
    "variations": [
      {
        "combinations": ["color-bleu", "capacity-64-go"],
        "price": 450000
      },
      {
        "combinations": ["color-mauve", "capacity-64-go"],
        "price": 450000
      },
      {
        "combinations": ["color-jaune", "capacity-64-go"],
        "price": 450000
      },
      {
        "combinations": ["color-noir", "capacity-64-go"],
        "price": 450000
      },
      {
        "combinations": ["color-blanc", "capacity-64-go"],
        "price": 450000
      },
      {
        "combinations": ["color-rouge", "capacity-64-go"],
        "price": 450000
      },

      {
        "combinations": ["color-bleu", "capacity-256-go"],
        "price": 450000
      },
      {
        "combinations": ["color-mauve", "capacity-256-go"],
        "price": 450000
      },
      {
        "combinations": ["color-jaune", "capacity-256-go"],
        "price": 450000
      },
      {
        "combinations": ["color-noir", "capacity-256-go"],
        "price": 450000
      },
      {
        "combinations": ["color-blanc", "capacity-256-go"],
        "price": 450000
      },
      {
        "combinations": ["color-rouge", "capacity-256-go"],
        "price": 450000
      },

      {
        "combinations": ["color-bleu", "capacity-512-go"],
        "price": 450000
      },
      {
        "combinations": ["color-mauve", "capacity-512-go"],
        "price": 450000
      },
      {
        "combinations": ["color-jaune", "capacity-512-go"],
        "price": 450000
      },
      {
        "combinations": ["color-noir", "capacity-512-go"],
        "price": 450000
      },
      {
        "combinations": ["color-blanc", "capacity-512-go"],
        "price": 450000
      },
      {
        "combinations": ["color-rouge", "capacity-512-go"],
        "price": 450000
      }
    ],
    "images": [
      {
        "src": "/img/iphone/14/blue.webp",
        "default": false
      },
      {
        "src": "/img/iphone/14/light.webp",
        "default": false
      },
      {
        "src": "/img/iphone/14/midnight.webp",
        "default": false
      },
      {
        "src": "/img/iphone/14/purple.webp",
        "default": false
      },
      {
        "src": "/img/iphone/14/red.webp",
        "default": true
      },
      {
        "src": "/img/iphone/14/yellow.webp",
        "default": false
      }
    ]
  },
  {
    "id": "iphone-14-pro",
    "name": "iPhone 14 pro",
    "description": "L'iPhone 14 Pro représente l'élite avec sa puce A16 Bionic ultra-rapide, son écran OLED Super Retina XDR de 6,1 pouces avec ProMotion pour des animations fluides, et un système de triple caméra avec un capteur principal de 48 MP pour des photos et vidéos professionnelles. Il inclut aussi le nouveau mode Always-On Display et la Dynamic Island pour une interaction intuitive.",
    "categoryId": 1,
    "price": 560000,
    "details": {
      "Marque":["Apple"],
      "processeur":["A16 Bionic "],
      "Nom du modele":["iPhone 14 pro"],
      "Ram":["6 Go"],
      "Rom":["128 Go" , "256 Go" , "512 Go" , "1 To"],
      "Écran ": [" OLED"],
      "Batterie" : [" 3200 mAh"],
      "Systeme d'exploitation":["IOS 16" , "IOS 17"]
    },
    "variations": [
      {
        "combinations": ["color-argent", "capacity-64-go"],
        "price": 560000
      },
      {
        "combinations": ["color-or", "capacity-64-go"],
        "price": 560000
      },
      {
        "combinations": ["color-violet", "capacity-64-go"],
        "price": 560000
      },
      {
        "combinations": ["color-noir", "capacity-64-go"],
        "price": 560000
      },
      {
        "combinations": ["color-argent", "capacity-256-go"],
        "price": 560000
      },
      {
        "combinations": ["color-violet", "capacity-256-go"],
        "price": 560000
      },
      {
        "combinations": ["color-noir", "capacity-256-go"],
        "price": 560000
      },
      {
        "combinations": ["color-or", "capacity-256-go"],
        "price": 560000
      },
      {
        "combinations": ["color-violet", "capacity-512-go"],
        "price": 560000
      },
      {
        "combinations": ["color-argent", "capacity-512-go"],
        "price": 560000
      },
      {
        "combinations": ["color-or", "capacity-512-go"],
        "price": 560000
      },
      {
        "combinations": ["color-noir", "capacity-512-go"],
        "price": 560000
      }
    ],
    "images": [
      {
        "src": "/img/iphone/14-pro/black.webp",
        "default": false
      },
      {
        "src": "/img/iphone/14-pro/gold.webp",
        "default": true
      },
      {
        "src": "/img/iphone/14-pro/white.webp",
        "default": false
      },
      {
        "src": "/img/iphone/14-pro/purple.webp",
        "default": false
      }
    ]
  },
  {
    "id": "iphone-14-pro-max",
    "name": "iPhone 14 pro max",
    "description": "L'iPhone 14 Pro Max est le modèle ultime, combinant un écran OLED Super Retina XDR de 6,7 pouces avec ProMotion, la puce A16 Bionic, et le système de triple caméra avancé de 48 MP. Idéal pour les utilisateurs exigeants, il offre une expérience immersive et une autonomie exceptionnelle, avec toutes les fonctionnalités premium du Pro, mais sur un écran plus grand.",
    "categoryId": 1,
    "discount": {
      "is_discount": true,
      "type": "amount",
      "value": 10000
    },
    "price": 630000,
    "details:": {
      "Marque":["Apple"],
      "processeur":["A16 Bionic "],
      "Nom du modele":["iPhone 14 pro max"],
      "Ram":["6 Go"],
      "Rom":["128 Go" , "256 Go" , "512 Go" , "1 To"],
      "Écran ": [" OLED"],
      "Batterie" : [" 4323 mAh"],
      "Systeme d'exploitation":["IOS 16" , "IOS 17"]
    },
    "variations": [
      {
        "combinations": ["color-argent", "capacity-64-go"],
        "price": 630000
      },
      {
        "combinations": ["color-or", "capacity-64-go"],
        "price": 630000
      },
      {
        "combinations": ["color-violet", "capacity-64-go"],
        "price": 630000
      },
      {
        "combinations": ["color-noir", "capacity-64-go"],
        "price": 630000
      },
      {
        "combinations": ["color-argent", "capacity-256-go"],
        "price": 630000
      },
      {
        "combinations": ["color-violet", "capacity-256-go"],
        "price": 630000
      },
      {
        "combinations": ["color-noir", "capacity-256-go"],
        "price": 630000
      },
      {
        "combinations": ["color-or", "capacity-256-go"],
        "price": 630000
      },
      {
        "combinations": ["color-violet", "capacity-512-go"],
        "price": 630000
      },
      {
        "combinations": ["color-argent", "capacity-512-go"],
        "price": 630000
      },
      {
        "combinations": ["color-or", "capacity-512-go"],
        "price": 630000
      },
      {
        "combinations": ["color-noir", "capacity-512-go"],
        "price": 630000
      }
    ],
    "images": [
      {
        "src": "/img/iphone/14-pro/black.webp",
        "default": false
      },
      {
        "src": "/img/iphone/14-pro/gold.webp",
        "default": true
      },
      {
        "src": "/img/iphone/14-pro/white.webp",
        "default": false
      },
      {
        "src": "/img/iphone/14-pro/purple.webp",
        "default": false
      }
    ]
  },
  {
    "id": "iphone-15",
    "name": "iPhone 15",
    "description": "L'iPhone 15 propose des performances de pointe avec la nouvelle puce A17 Bionic, un écran OLED Super Retina XDR de 6,1 pouces, et un système de double caméra amélioré avec des capacités avancées en photographie et en vidéo. Il prend en charge la 5G et offre une autonomie de batterie étendue pour une utilisation tout au long de la journée.",
    "categoryId": 1,
    "price": 510000,
    "details": {
      "Marque":["Apple"],
      "processeur":["A16 Bionic "],
      "Nom du modele":["iPhone 15"],
      "Ram":["6 Go"],
      "Rom":["128 Go" , "256 Go" , "512 Go"],
      "Écran ": [" OLED"],
      "Batterie" : [" 3349 mAh"],
      "Systeme d'exploitation":["IOS 17"]
    },
    "variations": [
      {
        "combinations": ["color-rose", "capacity-64-go"],
        "price": 510000
      },
      {
        "combinations": ["color-jaune", "capacity-64-go"],
        "price": 510000
      },
      {
        "combinations": ["color-vert", "capacity-64-go"],
        "price": 510000
      },
      {
        "combinations": ["color-bleu", "capacity-64-go"],
        "price": 510000
      },
      {
        "combinations": ["color-noir", "capacity-64-go"],
        "price": 510000
      },

      {
        "combinations": ["color-rose", "capacity-256-go"],
        "price": 510000
      },
      {
        "combinations": ["color-jaune", "capacity-256-go"],
        "price": 510000
      },
      {
        "combinations": ["color-vert", "capacity-256-go"],
        "price": 510000
      },
      {
        "combinations": ["color-bleu", "capacity-256-go"],
        "price": 510000
      },
      {
        "combinations": ["color-noir", "capacity-256-go"],
        "price": 510000
      },

      {
        "combinations": ["color-jaune", "capacity-512-go"],
        "price": 510000
      },
      {
        "combinations": ["color-rose", "capacity-512-go"],
        "price": 510000
      },
      {
        "combinations": ["color-vert", "capacity-512-go"],
        "price": 510000
      },
      {
        "combinations": ["color-bleu", "capacity-512-go"],
        "price": 510000
      },
      {
        "combinations": ["color-noir", "capacity-512-go"],
        "price": 510000
      }
    ],
    "images": [
      {
        "src": "/img/iphone/15/black.webp",
        "default": false
      },
      {
        "src": "/img/iphone/15/blue.webp",
        "default": false
      },
      {
        "src": "/img/iphone/15/green.webp",
        "default": false
      },
      {
        "src": "/img/iphone/15/pink.webp",
        "default": true
      },
      {
        "src": "/img/iphone/15/yellow.webp",
        "default": false
      }
    ]
  },
  {
    "id": "iphone-15-plus",
    "name": "iPhone 15 plus",
    "description": "L'iPhone 15 Plus se distingue par son grand écran OLED Super Retina XDR de 6,7 pouces, parfait pour les amateurs de contenu multimédia. Il est équipé de la puce A17 Bionic et d'un système de double caméra performant, offrant des photos et des vidéos de qualité supérieure, ainsi qu'une batterie longue durée.",
    "categoryId": 1,
    "price": 550000,
    "details": {
      "Marque":["Apple"],
      "processeur":["A16 Bionic "],
      "Nom du modele":["iPhone 15 plus"],
      "Ram":["6 Go"],
      "Rom":["128 Go" , "256 Go" , "512 Go"],
      "Écran ": ["OLED"],
      "Batterie" : [" 4912 mAh"],
      "Systeme d'exploitation":["IOS 17"]
    },
    "variations": [
      {
        "combinations": ["color-rose", "capacity-64-go"],
        "price": 550000
      },
      {
        "combinations": ["color-jaune", "capacity-64-go"],
        "price": 550000
      },
      {
        "combinations": ["color-vert", "capacity-64-go"],
        "price": 550000
      },
      {
        "combinations": ["color-bleu", "capacity-64-go"],
        "price": 550000
      },
      {
        "combinations": ["color-noir", "capacity-64-go"],
        "price": 550000
      },

      {
        "combinations": ["color-rose", "capacity-256-go"],
        "price": 550000
      },
      {
        "combinations": ["color-jaune", "capacity-256-go"],
        "price": 550000
      },
      {
        "combinations": ["color-vert", "capacity-256-go"],
        "price": 550000
      },
      {
        "combinations": ["color-bleu", "capacity-256-go"],
        "price": 550000
      },
      {
        "combinations": ["color-noir", "capacity-256-go"],
        "price": 550000
      },

      {
        "combinations": ["color-jaune", "capacity-512-go"],
        "price": 550000
      },
      {
        "combinations": ["color-rose", "capacity-512-go"],
        "price": 550000
      },
      {
        "combinations": ["color-vert", "capacity-512-go"],
        "price": 550000
      },
      {
        "combinations": ["color-bleu", "capacity-512-go"],
        "price": 550000
      },
      {
        "combinations": ["color-noir", "capacity-512-go"],
        "price": 550000
      }
    ],
    "images": [
      {
        "src": "/img/iphone/15/black.webp",
        "default": false
      },
      {
        "src": "/img/iphone/15/blue.webp",
        "default": false
      },
      {
        "src": "/img/iphone/15/green.webp",
        "default": true
      },
      {
        "src": "/img/iphone/15/pink.webp",
        "default": false
      },
      {
        "src": "/img/iphone/15/yellow.webp",
        "default": false
      }
    ]
  },
  {
    "id": "iphone-15-pro",
    "name": "iPhone 15 pro",
    "description": "L'iPhone 15 Pro offre une expérience premium avec sa puce A17 Pro, un écran OLED Super Retina XDR de 6,1 pouces avec ProMotion pour des animations fluides, et un système de triple caméra de 48 MP pour des photos et des vidéos de qualité professionnelle. Il introduit également des fonctionnalités avancées comme le mode Always-On Display et une nouvelle Dynamic Island améliorée.",
    "categoryId": 1,
    "price": 670000,
    "details": {
      "Marque":["Apple"],
      "processeur":["A17 Bionic "],
      "Nom du modele":["iPhone 15 pro"],
      "Ram":["8 Go"],
      "Rom":["128 Go" , "256 Go" , "512 Go" , "1 To"],
      "Écran ": ["OLED"],
      "Batterie" : ["3650 mAh"],
      "Systeme d'exploitation":["IOS 17"]
    },
    "variations": [
      {
        "combinations": ["color-bleu", "capacity-128-go"],
        "price": 670000
      },
      {
        "combinations": ["color-blanc", "capacity-128-go"],
        "price": 670000
      },
      {
        "combinations": ["color-noir", "capacity-128-go"],
        "price": 670000
      },
      {
        "combinations": ["color-titane", "capacity-128-go"],
        "price": 670000
      },

      {
        "combinations": ["color-titane", "capacity-256-go"],
        "price": 670000
      },
      {
        "combinations": ["color-bleu", "capacity-256-go"],
        "price": 670000
      },
      {
        "combinations": ["color-noir", "capacity-256-go"],
        "price": 670000
      },
      {
        "combinations": ["color-blanc", "capacity-256-go"],
        "price": 670000
      },

      {
        "combinations": ["color-titane", "capacity-512-go"],
        "price": 670000
      },
      {
        "combinations": ["color-bleu", "capacity-512-go"],
        "price": 670000
      },
      {
        "combinations": ["color-blanc", "capacity-512-go"],
        "price": 670000
      },
      {
        "combinations": ["color-noir", "capacity-512-go"],
        "price": 670000
      }
    ],
    "images": [
      {
        "src": "/img/iphone/15-pro/black.webp",
        "default": false
      },
      {
        "src": "/img/iphone/15-pro/blue.webp",
        "default": false
      },
      {
        "src": "/img/iphone/15-pro/gray.webp",
        "default": true
      },
      {
        "src": "/img/iphone/15-pro/white.webp",
        "default": false
      }
    ]
  },
  {
    "id": "iphone-15-pro-max",
    "name": "iPhone 15 pro max",
    "description": "L'iPhone 15 Pro Max est le modèle le plus avancé, avec un écran OLED Super Retina XDR de 6,7 pouces avec ProMotion, la puce A17 Pro, et un système de triple caméra de 48 MP amélioré. Idéal pour les utilisateurs exigeants, il offre une expérience immersive et une autonomie exceptionnelle, avec toutes les fonctionnalités haut de gamme du Pro, sur un écran plus grand.",
    "categoryId": 1,
    "price": 860000,
    "details": {
      "Marque":["Apple"],
      "processeur":["A17 Bionic"],
      "Nom du modele":["iPhone 15 pro max"],
      "Ram":["8 Go"],
      "Rom":["128 Go" , "256 Go" , "512 Go"],
      "Écran ": ["OLED"],
      "Batterie" : ["4325 mAh"],
      "Systeme d'exploitation":["IOS 17"]
    },
    "variations": [
      {
        "combinations": ["color-bleu", "capacity-128-go"],
        "price": 860000
      },
      {
        "combinations": ["color-blanc", "capacity-128-go"],
        "price": 860000
      },
      {
        "combinations": ["color-noir", "capacity-128-go"],
        "price": 860000
      },
      {
        "combinations": ["color-titane", "capacity-128-go"],
        "price": 860000
      },

      {
        "combinations": ["color-titane", "capacity-256-go"],
        "price": 860000
      },
      {
        "combinations": ["color-bleu", "capacity-256-go"],
        "price": 860000
      },
      {
        "combinations": ["color-noir", "capacity-256-go"],
        "price": 860000
      },
      {
        "combinations": ["color-blanc", "capacity-256-go"],
        "price": 860000
      },

      {
        "combinations": ["color-titane", "capacity-512-go"],
        "price": 860000
      },
      {
        "combinations": ["color-bleu", "capacity-512-go"],
        "price": 860000
      },
      {
        "combinations": ["color-blanc", "capacity-512-go"],
        "price": 860000
      },
      {
        "combinations": ["color-noir", "capacity-512-go"],
        "price": 860000
      }
    ],
    "images": [
      {
        "src": "/img/iphone/15-pro/black.webp",
        "default": false
      },
      {
        "src": "/img/iphone/15-pro/blue.webp",
        "default": false
      },
      {
        "src": "/img/iphone/15-pro/gray.webp",
        "default": false
      },
      {
        "src": "/img/iphone/15-pro/white.webp",
        "default": true
      }
    ]
  }
]