[
  {
    "id": "macbook-air-m2",
    "name": "Macbook air M2",
    "categoryId": 9,
    "price": 750000,
    "variations": [],
    "details": {
      "Marque" : ["Apple"],
      "Puce" : ["Apple M2"],
      "CPU" : ["8 cœurs avec 4 cœurs de performance et 4 cœurs à haute efficacité"],
      "GPU" : ["8 cœurs", "10 cœurs"],
      "Nom du modèle" : ["Macbook Air"],
      "Écran" : ["Liquid Retina de 13,6 pouces"],
      "Résolution" : ["2 560 x 1 664"],
      "Disque dur" : ["256 Go", "512 Go", "1 To", "2 To"],
      "Ram" : ["8 Go", "16 Go"],
      "Batterie": ["Jusqu'à 18 heures de navigation sur le Web sans fil"]
    },
    "description": "Découvrez le MacBook Air M2, l'ordinateur portable d'Apple qui repousse les limites de la finesse et de la performance.\n\nDoté de la puissante puce M2, le MacBook Air M2 offre une rapidité et une réactivité incroyables, parfaites pour toutes vos tâches quotidiennes, de la navigation web au montage vidéo. Son autonomie de batterie exceptionnelle vous permet de rester productif toute la journée, où que vous soyez.",
    "images": [
      {
        "src": "/img/macbook/air-m2/midnight/midnight1.webp",
        "default": false
      },
      {
        "src": "/img/macbook/air-m2/midnight/midnight2.webp",
        "default": false
      },
      {
        "src": "/img/macbook/air-m2/midnight/midnight3.webp",
        "default": true
      }
    ]
  },
  {
    "id": "macbook-air-m1",
    "name": "Macbook air M1",
    "categoryId": 9,
    "price": 500000,
    "variations": [],
    "details": {
      "Marque" : ["Apple"],
      "Puce" : ["Apple M1"],
      "CPU" : ["Processeur à 8 cœurs avec 4 cœurs de performance et 4 cœurs d'efficacité"],
      "GPU" : ["7 cœurs", "8 cœurs"],
      "Nom du modèle" : ["Macbook Air"],
      "Écran" : ["Écran LED IPS de 13,3 pouces"],
      "Résolution" : ["2 560 x 1 600 "],
      "Disque dur" : ["256 Go", "512 Go", "1 To", "2 To"],
      "Ram" : ["8 Go", "16 Go"],
      "Batterie": ["Jusqu'à 15 heures de navigation sur le Web sans fil"]
    },
    "description": "Découvrez le MacBook Air M1, l'ordinateur portable qui révolutionne l'expérience utilisateur grâce à la puce Apple M1.\n\nDoté d'une architecture révolutionnaire, le MacBook Air M1 offre des performances CPU et GPU stupéfiantes, pour une fluidité et une réactivité incroyables, peu importe vos tâches. Que vous soyez amateur de montage vidéo, de jeux ou de navigation web intensive, le MacBook Air M1 répondra à tous vos besoins.",
    "images": [
      {
        "src": "/img/macbook/air-m1/silver/silver1.webp",
        "default": true
      },
      {
        "src": "/img/macbook/air-m1/silver/silver2.webp",
        "default": false
      }
    ]
  },
  {
    "id": "macbook-air-2020",
    "name": "Macbook air 2020",
    "categoryId": 9,
    "price": 400000,
    "variations": [],
    "details": {
      "Marque" : ["Apple"],
      "Puce" : ["Apple 2020"],
      "CPU" : ["CPU Apple M1 à 8 cœurs (4 de performance et 4 d'efficacité) "],
      "GPU" : ["7 cœurs", "8 cœurs"],
      "Nom du modèle" : ["Macbook Air"],
      "Écran" : ["Écran LED IPS de 13,3 pouces"],
      "Résolution" : ["2 560 x 1 600 "],
      "Disque dur" : ["256 Go", "512 Go", "1 To", "2 To"],
      "Ram" : ["8 Go", "16 Go"],
      "Batterie": ["Jusqu'à 15 heures de navigation sur le Web sans fil"]
    },
    "description": "Achetez le MacBook Air 2020 sur notre site ! Découvrez sa performance exceptionnelle avec le processeur Apple M1, son écran Retina de 13,3 pouces, et une autonomie allant jusqu'à 18 heures. Léger, puissant et élégant, parfait pour tous vos besoins. Livraison rapide et service client de qualité.",
    "images": [
      {
        "src": "/img/macbook/air/2020/1.webp",
        "default": true
      },
      {
        "src": "/img/macbook/air/2020/2.webp",
        "default": false
      },
      {
        "src": "/img/macbook/air/2020/3.webp",
        "default": false
      }
    ]
  },
  {
    "id": "macbook-air-2019",
    "name": "Macbook air 2019",
    "categoryId": 9,
    "price": 350000,
    "variations": [],
    "details": {
      "Marque" : ["Apple"],
      "Puce" : ["Apple 2019"],
      "CPU" : ["1.6GHz dual-core Intel Core i5 processor, turbo boosting up to 3.6GHz, with 4MB L3 cache"],
      "GPU" : ["7 cœurs", "8 cœurs"],
      "Nom du modèle" : ["Macbook Air"],
      "Écran" : ["Écran LED IPS de 13,3 pouces"],
      "Résolution" : ["2 560 x 1 600 "],
      "Disque dur" : ["256 Go", "512 Go", "1 To"],
      "Ram" : ["8 Go de mémoire LPDDR3 intégrée à 2133 MHz", "16 Go"],
      "Batterie": ["Jusqu'à 15 heures de navigation sur le Web sans fil"]
    },
    "description": "Achetez le MacBook Air 2019 sur notre site ! Profitez de son design fin et léger, de son écran Retina de 13,3 pouces, et de sa performance fiable avec le processeur Intel Core i5. Idéal pour le travail et le divertissement. Livraison rapide et service client de qualité.",
    "images": [
      {
        "src": "/img/macbook/air/2019/1.webp",
        "default": true
      },
      {
        "src": "/img/macbook/air/2019/2.webp",
        "default": false
      },
      {
        "src": "/img/macbook/air/2019/3.webp",
        "default": false
      },
      {
        "src": "/img/macbook/air/2019/4.webp",
        "default": false
      }
    ]
  },
  {
    "id": "macbook-air-2018",
    "name": "Macbook air 2018",
    "categoryId": 9,
    "price": 300000,
    "variations": [],
    "details": {
      "Marque" : ["Apple"],
      "Puce" : ["Apple 2018"],
      "CPU" : ["Intel Core i5-8210Y, processeur bicœur avec Turbo Boost jusqu'à 3,6 GHz."],
      "GPU" : ["Intel UHD Graphics 617"],
      "Nom du modèle" : ["Macbook Air"],
      "Écran" : ["Écran LED IPS de 13,3 pouces"],
      "Résolution" : ["2 560 x 1 600 "],
      "Disque dur" : ["256 Go", "512 Go", "1 To"],
      "Ram" : ["8 Go de mémoire LPDDR3 intégrée à 2133 MHz", "16 Go"],
      "Batterie": ["Jusqu'à 12 heures de navigation sur le Web sans fil"]
    },
    "description": "Achetez le MacBook Air 2018 sur notre site ! Profitez de son écran Retina de 13,3 pouces, de son design ultra-fin et léger, et de sa performance avec le processeur Intel Core i5. Idéal pour vos besoins quotidiens. Livraison rapide et service client de qualité.",
    "images": [
      {
        "src": "/img/macbook/air/2018/1.webp",
        "default": true
      },
      {
        "src": "/img/macbook/air/2018/2.webp",
        "default": false
      },
      {
        "src": "/img/macbook/air/2018/3.webp",
        "default": false
      }
    ]
  },
  {
    "id": "macbook-air-2017",
    "name": "Macbook air 2017",
    "categoryId": 9,
    "price": 215000,
    "variations": [],
    "details": {
      "Marque" : ["Apple"],
      "Puce" : ["Apple 2017"],
      "CPU" : ["Options incluent processeurs Intel Core i5 ou i7, jusqu'à 2,9 GHz et 3,2 GHz respectivement"],
      "GPU" : ["7 cœurs", "8 cœurs"],
      "Nom du modèle" : ["Macbook Air"],
      "Écran" : ["Écran LED IPS de 13,3 pouces"],
      "Résolution" : ["1 440 x 900 "],
      "Disque dur" : ["256 Go", "512 Go"],
      "Ram" : ["8 Go de mémoire"],
      "Batterie": ["Jusqu'à 12 heures de navigation sur le Web sans fil"]
    },
    "description": "Découvrez le MacBook Air 2017 à prix compétitif ! Écran de 13,3 pouces, processeur Intel Core i5, et design fin et léger. Parfait pour les étudiants et les professionnels. Commandez maintenant pour une livraison rapide.",
    "images": [
      {
        "src": "/img/macbook/air/2017/1.webp",
        "default": true
      },
      {
        "src": "/img/macbook/air/2017/2.webp",
        "default": false
      },
      {
        "src": "/img/macbook/air/2017/3.webp",
        "default": false
      },
      {
        "src": "/img/macbook/air/2017/4.webp",
        "default": false
      }
    ]
  },
  {
    "id": "macbook-air-2015",
    "name": "Macbook air 2015",
    "categoryId": 9,
    "price": 190000,
    "variations": [],
    "details": {
      "Marque" : ["Apple"],
      "Puce" : ["Apple 2015"],
      "CPU" : ["Intel Core i5 bicœur 1,6 GHz (Turbo Boost jusqu'à 2,7 GHz) avec 3 Mo de cache N3 partagé"],
      "GPU" : ["Intel HD Graphics 6000"],
      "Nom du modèle" : ["Macbook Air"],
      "Écran" : ["Écran LED IPS de 13,3 pouces"],
      "Résolution" : ["1 440 x 900 "],
      "Disque dur" : ["256 Go", "512 Go"],
      "Ram" : ["Mémoire LPDDR3 intégrée, configurable jusqu'à 4 Go ou 8 Go"],
      "Batterie": ["Jusqu'à 12 heures de navigation sur le Web sans fil"]
    },
    "description": "Découvrez le MacBook Air 2015, un ordinateur portable fin et léger doté d'un processeur Intel performant et d'un écran Retina magnifique.\n\nProcesseur Intel Core de 5ème génération pour une puissance fiable\nÉcran Retina 13,3\" pour des images d'une netteté époustouflante\nClavier Magic avec rétroéclairage pour une saisie confortable\nDesign fin et léger, parfait pour la mobilité\nmacOS Big Sur, un système d'exploitation intuitif et performant",
    "images": [
      {
        "src": "/img/macbook/air/2016/1.webp",
        "default": true
      },
      {
        "src": "/img/macbook/air/2016/2.webp",
        "default": false
      },
      {
        "src": "/img/macbook/air/2016/3.webp",
        "default": false
      }
    ]
  },
  {
    "id": "macbook-air-2014",
    "name": "Macbook air 2014",
    "categoryId": 9,
    "price": 180000,
    "variations": [],
    "details": {
      "Marque" : ["Apple"],
      "Puce" : ["Apple 2014"],
      "CPU" : ["Processeur Intel Core i5-4260U à 2 cœurs, 1,40 GHz, 3 Mo de cache, ou Intel Core i7-4650U à 2 cœurs, 1,70 GHz, 4 Mo de cache"],
      "GPU" : ["Intel HD Graphics 5000"],
      "Nom du modèle" : ["Macbook Air"],
      "Écran" : ["Écran LED IPS de 13,3 pouces"],
      "Résolution" : ["1 440 x 900 "],
      "Disque dur" : ["256 Go", "512 Go"],
      "Ram" : ["4 GB 1600 MHz LPDDR3"],
      "Batterie": ["Jusqu'à 12 heures de navigation sur le Web sans fil"]
    },
    "description": "Découvrez le MacBook Air 2014, un ordinateur portable fin et léger doté d'un processeur Intel performant et d'un grand écran.\n\nProcesseur Intel Core de 4ème génération pour une puissance fiable\nÉcran 13,3\" pour un espace de travail confortable\nClavier rétroéclairé pour une saisie facile dans des conditions de faible luminosité",
    "images": [
      {
        "src": "/img/macbook/air/2015/1.webp",
        "default": true
      },
      {
        "src": "/img/macbook/air/2015/2.webp",
        "default": false
      },
      {
        "src": "/img/macbook/air/2014/1.webp",
        "default": false
      }
    ]
  }
]