{
    "id": "OppoA57256",
    "name": "Oppo A57",
    "categoryId": 2,
    "price": "280000",
    "details": {
      "Marque": ["Oppo"],
      "Processeur": ["MediaTek Helio G35"],
      "Ram": ["4 Go"],
      "Caméra arrière": ["13 MP, f/2.2 ; 80°; 5P ; AF"],
      "Caméra avant": ["8 MP"],
      "Rom": ["64 Go"],
      "Écran": ["6.56″"],
      "Batterie": ["5000 mAh"],
      "Bluetooth": ["5.3"],
      "Couleurs": ["Noir", "Étoilé" ,"Vert"],
      "Système d'exploitation": ["android"]
    },
    "variations": [],
    "images": [
      {
        "src": "/img/oppo/oppo-a57-black.webp",
        "default": true
      },
      {
        "src": "/img/oppo/oppo-a57-bleu.webp",
        "default": true
      },
      {
        "src": "/img/oppo/oppo-a57-gold.webp",
        "default": true
      }
    ],
    "description": "Oppo A57 Android smartphone. Announced Apr 2022. Features 6.56″ display, Dimensity 810 chipset, 5000 mAh battery, 256 GB storage, 8 GB RAM."
  }
  