[
   
    {
        "id": "RedmiNote13ProPlus5G",
        "name": "Redmi Note 13 Pro Plus 5G",
        "categoryId": 2,
        "price": 270000,
        "details": {
          "Marque": ["Redmi"],
          "Processeur": ["Snapdragon 8+ Gen 1"],
          "Ram": ["8 Go"],
          "Caméra arrière": ["108 MP"],
          "Caméra avant": ["32 MP"],
          "Rom": ["256 Go"],
          "Écran": ["AMOLED de 6.67 pouces, 144Hz"],
          "Batterie": ["5000 mAh"],
          "Bluetooth": ["5.3"],
          "Couleurs": ["Cosmic Black", "Cosmic Blue", "Pulsar Purple", "Starlight White", "Forest Green"],
          "Système d'exploitation": ["MIUI 14, basé sur Android 13"]
        },
        "variations": [],
        "images": [
          {
            "src": "/img/redmi/note13proplus5g-black.webp",
            "default": true
          },
          {
            "src": "/img/redmi/note13proplus5g-Skyblue.webp",
            "default": false
          },
          {
            "src": "/img/redmi/note13proplus5g-white.webp",
            "default": false
          }
        ],
        "description": "Le Redmi Note 13 Pro Plus 5G est le fleuron de la série Note, avec un processeur Snapdragon ultra-rapide, une caméra de pointe de 108 MP, un écran AMOLED éblouissant avec un taux de rafraîchissement ultra-fluide de 144Hz, et une batterie puissante pour une expérience utilisateur sans compromis."
      },
      {
        "id": "RedmiNote13Pro5G",
        "name": "Redmi Note 13 Pro 5G",
        "categoryId": 2,
        "price": 250000,
        "details": {
          "Marque": ["Redmi"],
          "Processeur": ["Qualcomm Snapdragon 7s Gen 2"],
          "Ram": ["12 Go"],
          "Caméra arrière": ["200 MP"],
          "Caméra avant": ["32 MP"],
          "Rom": ["512 Go"],
          "Écran": ["AMOLED de 6.7 pouces, 120Hz"],
          "Batterie": ["5100 mAh"],
          "Bluetooth": ["5.2"],
          "Couleurs": ["Cosmic Black", "Cosmic Blue", "Pulsar Purple", "Starlight White"],
          "Système d'exploitation": ["MIUI 14, basé sur Android 13"]
        },
        "variations": [],
        "images": [
          {
            "src": "/img/redmi/redmi-note-13pro-black.webp",
            "default": true
          },
          {
            "src": "/img/redmi/redmi-note-13pro-skyblue.webp",
            "default": false
          },
          {
            "src": "/img/redmi/redmi-note-13pro-bleu.webp",
            "default": false
          }
        ],
        "description": "Le Redmi Note 13 Pro 5G offre une expérience de pointe avec son processeur Snapdragon de dernière génération, une caméra arrière puissante de 200 MP, un écran AMOLED vibrant de 6.7 pouces avec un taux de rafraîchissement de 120Hz, et une batterie robuste de 5100 mAh pour une autonomie prolongée."
      },
      
      
      {
        "id": "Redmi12",
        "name": "Redmi 12",
        "categoryId": 2,
        "price": 110000,
        "details": {
          "Marque": ["Redmi"],
          "Processeur": ["Snapdragon 8 Gen 1"],
          "Ram": ["8 Go"],
          "Caméra arrière": ["50 MP"],
          "Caméra avant": ["20 MP"],
          "Rom": ["256 Go"],
          "Écran": ["AMOLED de 6.28 pouces, 120Hz"],
          "Batterie": ["4500 mAh"],
          "Bluetooth": ["5.2"],
          "Couleurs": ["Graphite Gray", "Ocean Blue", "Frost White"],
          "Système d'exploitation": ["MIUI 13, basé sur Android 12"]
        },
        "variations": [],
        "images": [
          {
            "src": "/img/redmi/mi12_black.webp",
            "default": false
          },
          {
            "src": "/img/redmi/mi12_blue.webp",
            "default": true
          },
          {
            "src": "/img/redmi/mi12_white.webp",
            "default": false
          }
        ],
        "description": "Le Redmi 12 est un smartphone performant avec son processeur Snapdragon 8 Gen 1, une caméra arrière de 50 MP, un écran AMOLED de 6.28 pouces avec un taux de rafraîchissement de 120Hz, et une batterie de 4500 mAh pour une utilisation quotidienne sans souci."
      },
      {
        "id": "RedmiNote13Pro",
        "name": "Redmi Note 13 Pro",
        "categoryId": 2,
        "price": 175000,
        "details": {
          "Marque": ["Redmi"],
          "Processeur": ["Snapdragon 7s Gen 2"],
          "Ram": ["8 Go"],
          "Caméra arrière": ["108 MP"],
          "Caméra avant": ["32 MP"],
          "Rom": ["256 Go"],
          "Écran": ["AMOLED de 6.67 pouces, 120Hz"],
          "Batterie": ["5000 mAh"],
          "Bluetooth": ["5.2"],
          "Couleurs": ["Cosmic Black", "Cosmic Blue", "Pulsar Purple", "Starlight White"],
          "Système d'exploitation": ["MIUI 14, basé sur Android 13"]
        },
        "variations": [],
        "images": [
          {
            "src": "/img/redmi/redmi-note-13pro-black.webp",
            "default": true
          },
          {
            "src": "/img/redmi/redmi-note-13pro-blue.webp",
            "default": false
          },
          {
            "src": "/img/redmi/redmi-note-13pro-purple.webp",
            "default": false
          },
          {
            "src": "/img/redmi/redmi-note-13pro-white.webp",
            "default": false
          }
        ],
        "description": "Le Redmi Note 13 Pro est un smartphone haut de gamme offrant des performances exceptionnelles grâce à son processeur Snapdragon de dernière génération, une caméra arrière de haute qualité de 108 MP, un écran AMOLED immersif de 6.67 pouces avec un taux de rafraîchissement élevé de 120Hz, et une batterie longue durée de 5000 mAh."
      },
      {
        "id": "RedmiNote13",
        "name": "Redmi Note 13",
        "categoryId": 2,
        "price": 140000,
        "details": {
          "Marque": ["Redmi"],
          "Processeur": ["Snapdragon 7 Gen 1"],
          "Ram": ["8 Go"],
          "Caméra arrière": ["108 MP"],
          "Caméra avant": ["20 MP"],
          "Rom": ["256 Go"],
          "Écran": ["AMOLED de 6.3 pouces, 90Hz"],
          "Batterie": ["4500 mAh"],
          "Bluetooth": ["5.1"],
          "Couleurs": ["Cosmic Black", "Cosmic Blue", "Pulsar Purple", "Starlight White"],
          "Système d'exploitation": ["MIUI 13, basé sur Android 12"]
        },
        "variations": [],
        "images": [
          {
            "src": "/img/redmi/redmi-13c-black.webp",
            "default": true
          },
          {
            "src": "/img/redmi/redmi-13c-blue.webp",
            "default": false
          },
          {
            "src": "/img/redmi/redmi-13c-green.webp",
            "default": false
          },
          {
            "src": "/img/redmi/redmi-13c-white.webp",
            "default": false
          }
        ],
        "description": "Le Redmi Note 13 est un smartphone polyvalent qui offre d'excellentes performances grâce à son processeur Snapdragon, une caméra de haute qualité de 108 MP, un écran AMOLED clair et net avec un taux de rafraîchissement de 90Hz, et une batterie fiable pour une utilisation toute la journée."
      },
      {
        "id": "RedmiNote105G",
        "name": "Redmi Note 10 5G",
        "categoryId": 2,
        "price": 110000,
        "details": {
          "Marque": ["Redmi"],
          "Processeur": ["Dimensity 700"],
          "Ram": ["8 Go"],
          "Caméra arrière": ["48 MP"],
          "Caméra avant": ["8 MP"],
          "Rom": ["256 Go"],
          "Écran": ["IPS LCD de 6.5 pouces, 90Hz"],
          "Batterie": ["5000 mAh"],
          "Bluetooth": ["5.1"],
          "Couleurs": ["Chrome Silver", "Graphite Gray", "Nighttime Blue", "Aurora Green"],
          "Système d'exploitation": ["MIUI 12, basé sur Android 11"]
        },
        "variations": [],
        "images": [
          {
            "src": "/img/redmi/note-10-black.webp",
            "default": true
          },
          {
            "src": "/img/redmi/note-10-purple.webp",
            "default": false
          },
          {
            "src": "/img/redmi/note-10-white.webp",
            "default": false
          },
          {
            "src": "/img/redmi/note105g_green.webp",
            "default": false
          }
        ],
        "description": "Le Redmi Note 10 5G est un smartphone abordable et performant, équipé du processeur Dimensity pour une connectivité rapide en 5G, une caméra arrière solide de 48 MP, un écran IPS LCD vibrant avec un taux de rafraîchissement de 90Hz, et une batterie longue durée pour rester connecté toute la journée."
      },
      {
        "id": "RedmiNote11",
        "name": "Redmi Note 11",
        "categoryId": 2,
        "price": 100000,
        "details": {
          "Marque": ["Redmi"],
          "Processeur": ["Snapdragon 680"],
          "Ram": ["6 Go"],
          "Caméra arrière": ["50 MP"],
          "Caméra avant": ["13 MP"],
          "Rom": ["128 Go"],
          "Écran": ["AMOLED de 6.43 pouces, 90Hz"],
          "Batterie": ["5000 mAh"],
          "Bluetooth": ["5.0"],
          "Couleurs": ["Graphite Gray", "Twilight Blue", "Star Blue", "Pearl White"],
          "Système d'exploitation": ["MIUI 13, basé sur Android 11"]
        },
        "variations": [],
        "images": [
          {
            "src": "/img/redmi/note-11-white.webp",
            "default": true
          },
          {
            "src": "/img/redmi/note-11-blue.webp",
            "default": false
          },
          {
            "src": "/img/redmi/note-11-black.webp",
            "default": false
          }
        ],
        "description": "Le Redmi Note 11 est un smartphone économique qui offre une expérience utilisateur fluide avec son processeur Snapdragon, une caméra principale de qualité de 50 MP, un écran AMOLED lumineux avec un taux de rafraîchissement confortable de 90Hz, et une batterie robuste pour une autonomie prolongée."
      },
      {
        "id": "RedmiNote11R",
        "name": "Redmi Note 11R",
        "categoryId": 2,
        "price": 100000,
        "details": {
          "Marque": ["Redmi"],
          "Processeur": ["MediaTek Dimensity 700"],
          "Ram": ["6 Go"],
          "Caméra arrière": ["13 MP"],
          "Caméra avant": ["5 MP"],
          "Rom": ["128 Go"],
          "Écran": ["IPS LCD de 6.58 pouces, 90Hz"],
          "Batterie": ["5000 mAh"],
          "Bluetooth": ["5.1"],
          "Couleurs": ["Shadow Black", "Deep Space Blue"],
          "Système d'exploitation": ["MIUI 12.5, basé sur Android 11"]
        },
        "variations": [],
        "images": [
        {
           "src": "/img/redmi/note11R-white.webp",
            "default": true
        },
          {
            "src": "/img/redmi/note11R-black.webp",
            "default": false
          },
          {
            "src": "/img/redmi/note11R-blue.webp",
            "default": false
          }
        ],
        "description": "Le Redmi Note 11R est un smartphone abordable avec une connectivité rapide grâce à son processeur MediaTek Dimensity, une caméra arrière efficace de 13 MP, un écran IPS LCD net avec un taux de rafraîchissement de 90Hz, et une batterie de grande capacité pour une utilisation quotidienne sans souci."
      },
      {
        "id": "RedmiNote11Pro",
        "name": "Redmi Note 11 Pro",
        "categoryId": 2,
        "price": 130000,
        "details": {
          "Marque": ["Redmi"],
          "Processeur": ["MediaTek Helio G96"],
          "Ram": ["8 Go"],
          "Caméra arrière": ["108 MP"],
          "Caméra avant": ["16 MP"],
          "Rom": ["256 Go"],
          "Écran": ["AMOLED de 6.67 pouces, 120Hz"],
          "Batterie": ["5000 mAh"],
          "Bluetooth": ["5.2"],
          "Couleurs": ["Graphite Gray", "Polar White", "Star Blue", "Atlantic Blue"],
          "Système d'exploitation": ["MIUI 13, basé sur Android 11"]
        },
        "variations": [],
        "images": [
          {
            "src": "/img/redmi/redmi-note-11pro-degrade.webp",
            "default": true
          },
          {
            "src": "/img/redmi/redmi-note-11pro-black.webp",
            "default": false
          },
          {
            "src": "/img/redmi/redmi-note-11pro-blue.webp",
            "default": false
          },
          {
            "src": "/img/redmi/redmi-note-11pro-atlanticblue.webp",
            "default": false
          }
        ],
        "description": "Le Redmi Note 11 Pro est un smartphone haut de gamme qui offre des performances exceptionnelles avec son processeur MediaTek Helio, une caméra principale ultra-haute résolution de 108 MP, un écran AMOLED éclatant avec un taux de rafraîchissement élevé de 120Hz, et une batterie puissante pour une expérience utilisateur optimale."
      },
      {
        "id": "RedmiNote12Pro",
        "name": "Redmi Note 12 Pro",
        "categoryId": 2,
        "price": 160000,
        "details": {
          "Marque": ["Redmi"],
          "Processeur": ["MediaTek Dimensity 1100"],
          "Ram": ["8 Go"],
          "Caméra arrière": ["108 MP"],
          "Caméra avant": ["16 MP"],
          "Rom": ["256 Go"],
          "Écran": ["AMOLED de 6.67 pouces, 120Hz"],
          "Batterie": ["5000 mAh"],
          "Bluetooth": ["5.2"],
          "Couleurs": ["Oynx Gray", "Glacier Blue", "Gradient Bronze"],
          "Système d'exploitation": ["MIUI 13, basé sur Android 11"]
        },
        "variations": [],
        "images": [
          {
            "src": "/img/redmi/redmi-note12-white.webp",
            "default": true
          },
          {
            "src": "/img/redmi/redmi-note12-blue.webp",
            "default": false
          },
          {
            "src": "/img/redmi/redmi-note12-black.webp",
            "default": false
          }
        ],
        "description": "Le Redmi Note 12 Pro est un smartphone avancé qui offre des performances supérieures avec son processeur MediaTek Dimensity, une caméra principale de haute qualité de 108 MP, un écran AMOLED vibrant avec un taux de rafraîchissement de 120Hz, et une batterie longue durée pour une expérience utilisateur sans compromis."
      },
      {
        "id": "RedmiNote12",
        "name": "Redmi Note 12",
        "categoryId": 2,
        "price": 130000,
        "details": {
          "Marque": ["Redmi"],
          "Processeur": ["Qualcomm Snapdragon 4 Gen 1"],
          "Ram": ["8 Go"],
          "Caméra arrière": ["50 MP"],
          "Caméra avant": ["8 MP"],
          "Rom": ["256 Go"],
          "Écran": ["AMOLED de 6.67 pouces, 120Hz"],
          "Batterie": ["5000 mAh"],
          "Bluetooth": ["5.1"],
          "Couleurs": ["Mystic Black", "Wave Blue", "Trendy Emerald"],
          "Système d'exploitation": ["MIUI 13, basé sur Android 11"]
        },
        "variations": [],
        "images": [
          {
            "src": "/img/redmi/redmi-note12-black.webp",
            "default": true
          },
          {
            "src": "/img/redmi/redmi-note12-blue.webp",
            "default": false
          },
          {
            "src": "/img/redmi/redmi-note12-emerald.webp",
            "default": false
          }
        ],
        "description": "Le Redmi Note 12 est un smartphone performant qui combine une expérience utilisateur fluide avec son processeur Qualcomm Snapdragon, une caméra principale de qualité de 50 MP, un écran AMOLED lumineux avec un taux de rafraîchissement rapide de 120Hz, et une batterie robuste pour une utilisation prolongée."
      },
      {
        "id": "RedmiK405G",
        "name": "Redmi K40 5G",
        "categoryId": 2,
        "price": 160000,
        "details": {
          "Marque": ["Redmi"],
          "Processeur": ["Qualcomm Snapdragon 870"],
          "Ram": ["12 Go"],
          "Caméra arrière": ["48 MP"],
          "Caméra avant": ["20 MP"],
          "Rom": ["256 Go"],
          "Écran": ["AMOLED de 6.67 pouces, 120Hz"],
          "Batterie": ["4520 mAh"],
          "Bluetooth": ["5.1"],
          "Couleurs": ["Black", "White", "Aurora"],
          "Système d'exploitation": ["MIUI 12, basé sur Android 11"]
        },
        "variations": [],
        "images": [
          {
            "src": "/img/redmi/redmi-k40-black.webp",
            "default": true
          },
          {
            "src": "/img/redmi/redmi-k40-white.webp",
            "default": false
          },
          {
            "src": "/img/redmi/redmi-k40-titanium.webp",
            "default": false
          }
        ],
        "description": "Le Redmi K40 5G est un smartphone de pointe qui offre des performances exceptionnelles avec son processeur Qualcomm Snapdragon, une caméra principale de haute résolution de 48 MP, un écran AMOLED éclatant avec un taux de rafraîchissement élevé de 120Hz, et une batterie optimisée pour une expérience utilisateur premium."
      }
      
      
      
      
      
      
      
      
      
      
      
      
      
      
]