[
  {
    "id": "fold-4",
    "name": "Samsung fold 4",
    "categoryId": 2,
    "price": 490000,
    "details": {
      "Marque":["Samsung"],
      "Processeur":["Qualcomm Snapdragon 888 5G (5 nm)"],
      "Ram":["12 Go"],
      "Caméra arrière":["50 MP", "12 MP", "10 MP"],
      "Caméra avant":["10 MP", "4 MP"],
      "Rom":["256 Go", "512 Go", "1 To"],
      "Écran ": ["Dynamic AMOLED 2X de 7.6 pouces"],
      "Batterie" : ["4400 mAh"],
      "Bluetooth" : ["5.2"],
      "Couleus" : ["Graygreen", "Phantom Black", "Beige", "Burgundy"],
      "Systeme d'exploitation":["Android 12, évolutif vers Android 13"]
    },
    "variations": [ ],
    "images": [
      {
        "src": "/img/samsung/z-fold-4-black.webp",
        "default": true
      },
      {
        "src": "/img/samsung/z-fold-4-white.webp",
        "default": false
      }
    ],
    "description": "Découvrez le Samsung Galaxy Z Fold 4, un smartphone pliable révolutionnaire équipé d'un écran principal de 7,6 pouces AMOLED et d'un écran externe de 6,2 pouces. Propulsé par le processeur Snapdragon 8+ Gen 1, il offre des performances exceptionnelles avec 12 Go de RAM et jusqu'à 1 To de stockage interne."
  },

  {
    "id": "flip-3",
    "name": "Samsung Galaxy Z Flip 3",
    "categoryId": 2,
    "price": 150000,
    "details": {
      "Marque": ["Samsung"],
      "Processeur": ["Qualcomm Snapdragon 888"],
      "Ram": ["8 Go"],
      "Caméra arrière": ["12 MP", "12 MP"],
      "Caméra avant": ["10 MP"],
      "Rom": ["128 Go", "256 Go"],
      "Écran principal": ["Dynamic AMOLED 2X de 6.7 pouces"],
      "Écran de couverture": ["Super AMOLED de 1.9 pouces"],
      "Batterie": ["3300 mAh"],
      "Bluetooth": ["5.1"],
      "Couleurs": ["Phantom Black", "Cream", "Green", "Lavender", "Gray"],
      "Système d'exploitation": ["Android 11, évolutif vers Android 12"]
    },
    "variations": [],
    "images": [
      {
        "src": "/img/samsung/z-flip-3-black.webp",
        "default": false
      },
      {
        "src": "/img/samsung/z-flip-3-purple.webp",
        "default": false
      },
      {
        "src": "/img/samsung/z-flip-3-white.webp",
        "default": true
      }
    ],
    "description": "Découvrez le Samsung Galaxy Z Flip 3, un smartphone pliable compact avec un écran principal de 6.7 pouces et un petit écran de couverture de 1.9 pouces. Il est alimenté par le processeur Snapdragon 888, offre 8 Go de RAM et jusqu'à 256 Go de stockage interne. Profitez d'une expérience utilisateur fluide avec Android 11 et la possibilité de mise à jour vers Android 12."
  },

  {
    "id": "flip-4",
    "name": "Samsung Flip 4",
    "categoryId": 2,
    "price": 255000,
    "details": {
      "Marque": ["Samsung"],
      "Processeur": ["Qualcomm Snapdragon 8+ Gen 1"],
      "Ram": ["8 Go"],
      "Caméra arrière": ["12 MP", "10 MP"],
      "Caméra avant": ["10 MP"],
      "Rom": ["128 Go", "256 Go", "512 Go"],
      "Écran principal": ["Dynamic AMOLED 2X de 6.7 pouces"],
      "Écran de couverture": ["Super AMOLED de 1.9 pouces"],
      "Batterie": ["3700 mAh"],
      "Bluetooth": ["5.2"],
      "Couleurs": ["Graphite", "Pink Gold", "Bora Purple", "Blue"],
      "Système d'exploitation": ["Android 12, évolutif vers Android 13"]
    },
    "variations": [ ],
    "images": [
      {
        "src": "/img/samsung/z-flip-4-black.webp",
        "default": false
      },
      {
        "src": "/img/samsung/z-flip-4-purple.webp",
        "default": true
      },
      {
        "src": "/img/samsung/z-flip-4-pink.webp",
        "default": false
      }
    ],
    "description": "Le Samsung Galaxy Z Flip4 est un smartphone pliable de dernière génération doté d'un écran Dynamic AMOLED de 6,7 pouces avec un taux de rafraîchissement de 120Hz. Propulsé par un processeur Snapdragon 8+ Gen 1 et 8 Go de RAM"
  },

  {
    "id": "s8",
    "name": "Samsung Galaxy S8",
    "categoryId": 2,
    "price": 60000,
    "details": {
      "Marque": ["Samsung"],
      "Processeur": ["Exynos 8895 Octa (Global) / Qualcomm Snapdragon 835 (USA)"],
      "Ram": ["4 Go"],
      "Caméra arrière": ["12 MP"],
      "Caméra avant": ["8 MP"],
      "Rom": ["64 Go"],
      "Écran": ["Super AMOLED de 5.8 pouces"],
      "Batterie": ["3000 mAh"],
      "Bluetooth": ["5.0"],
      "Couleurs": ["Midnight Black", "Orchid Gray", "Arctic Silver", "Coral Blue", "Maple Gold"],
      "Système d'exploitation": ["Android 7.0, évolutif vers Android 9.0"]
    },
    "variations": [],
    "images": [
      {
        "src": "/img/samsung/s8-black.webp",
        "default": false
      },
      {
        "src": "/img/samsung/s8-blue.webp",
        "default": false
      },
      {
        "src": "/img/samsung/s8-plus.webp",
        "default": false
      },
      {
        "src": "/img/samsung/s8-face.webp",
        "default": true
      }
    ],
    "description": "Découvrez le Samsung Galaxy S8, un téléphone révolutionnaire avec un écran Infinity Display de 5.8 pouces, un processeur puissant, une caméra de qualité supérieure, et un design élégant."
  },
  {
    "id": "s8-plus-duos",
    "name": "Samsung Galaxy S8+ Duos",
    "categoryId": 2,
    "price": 80000,
    "details": {
      "Marque": ["Samsung"],
      "Processeur": ["Exynos 8895 Octa (Global) / Qualcomm Snapdragon 835 (USA)"],
      "Ram": ["4 Go"],
      "Caméra arrière": ["12 MP"],
      "Caméra avant": ["8 MP"],
      "Rom": ["64 Go", "128 Go"],
      "Écran": ["Super AMOLED de 6.2 pouces"],
      "Batterie": ["3500 mAh"],
      "Bluetooth": ["5.0"],
      "Couleurs": ["Midnight Black", "Orchid Gray", "Arctic Silver", "Coral Blue", "Maple Gold"],
      "Système d'exploitation": ["Android 7.0, évolutif vers Android 9.0"]
    },
    "variations": [
      {
        "combinations": ["state-new", "capacity-128-go"],
        "price": 90000
      },
      {
        "combinations": ["state-second", "capacity-128-go"],
        "price": 80000
      }
    ],
    "images": [
      {
        "src": "/img/samsung/s8-plus-gold.webp",
        "default": true
      },
      {
        "src": "/img/samsung/s8-plus-black.webp",
        "default": false
      }
    ],
    "description": "Découvrez le Samsung Galaxy S8+ Duos, une version double SIM du téléphone phare avec un écran Infinity Display de 6.2 pouces, un processeur puissant, une caméra de qualité supérieure, et un design élégant."
  },
  {
    "id": "s9",
    "name": "Samsung Galaxy S9",
    "categoryId": 2,
    "price": 75000,
    "details": {
      "Marque": ["Samsung"],
      "Processeur": ["Exynos 9810 Octa (Global) / Qualcomm Snapdragon 845 (USA)"],
      "Ram": ["4 Go"],
      "Caméra arrière": ["12 MP avec ouverture variable (f/1.5-f/2.4)"],
      "Caméra avant": ["8 MP"],
      "Rom": ["64 Go", "128 Go"],
      "Écran": ["Super AMOLED de 5.8 pouces"],
      "Batterie": ["3000 mAh"],
      "Bluetooth": ["5.0"],
      "Couleurs": ["Midnight Black", "Lilac Purple", "Coral Blue", "Titanium Gray"],
      "Système d'exploitation": ["Android 8.0, évolutif vers Android 10"]
    },
    "variations": [],
    "images": [
      {
        "src": "/img/samsung/s9-black.webp",
        "default": false
      },
      {
        "src": "/img/samsung/s9-face.webp",
        "default": true
      },
      {
        "src": "/img/samsung/s9-blue.webp",
        "default": false
      }
    ],
    "description": "Découvrez le Samsung Galaxy S9, un smartphone avec un écran Super AMOLED de 5.8 pouces, un processeur puissant, une caméra révolutionnaire avec ouverture variable, et un design élégant."
  },
  {
    "id": "s9-plus",
    "name": "Samsung Galaxy S9+",
    "categoryId": 2,
    "price": 95000,
    "details": {
      "Marque": ["Samsung"],
      "Processeur": ["Exynos 9810 Octa (Global) / Qualcomm Snapdragon 845 (USA)"],
      "Ram": ["6 Go"],
      "Caméra arrière": ["Double capteur 12 MP (principal) + 12 MP (téléobjectif) avec ouverture variable (f/1.5-f/2.4)"],
      "Caméra avant": ["8 MP"],
      "Rom": ["64 Go", "128 Go", "256 Go"],
      "Écran": ["Super AMOLED de 6.2 pouces"],
      "Batterie": ["3500 mAh"],
      "Bluetooth": ["5.0"],
      "Couleurs": ["Midnight Black", "Lilac Purple", "Coral Blue", "Titanium Gray"],
      "Système d'exploitation": ["Android 8.0, évolutif vers Android 10"]
    },
    "variations": [
      {
        "combinations": ["state-new"],
        "price": 105000
      },
      {
        "combinations": ["state-second"],
        "price": 95000
      }
    ],
    "images": [
      {
        "src": "/img/samsung/s9-black.webp",
        "default": true
      },
      {
        "src": "/img/samsung/s9-face.webp",
        "default": false
      },
      {
        "src": "/img/samsung/s9-blue.webp",
        "default": false
      }
    ],
    "description": "Découvrez le Samsung Galaxy S9+, un smartphone avec un grand écran Super AMOLED de 6.2 pouces, un processeur puissant, une caméra double avec ouverture variable pour des photos de qualité supérieure, et une autonomie améliorée."
  },
  {
    "id": "s10",
    "name": "Samsung Galaxy S10",
    "categoryId": 2,
    "price": 120000,
    "details": {
      "Marque": ["Samsung"],
      "Processeur": ["Exynos 9820 Octa (Global) / Qualcomm Snapdragon 855 (USA)"],
      "Ram": ["8 Go"],
      "Caméra arrière": [ "12 MP", "12 MP"],
      "Caméra avant": ["10 MP"],
      "Rom": ["128 Go", "512 Go"],
      "Écran": ["Dynamic AMOLED de 6.1 pouces"],
      "Batterie": ["3400 mAh"],
      "Bluetooth": ["5.0"],
      "Couleurs": ["Prism White", "Prism Black", "Prism Green", "Prism Blue", "Canary Yellow", "Flamingo Pink"],
      "Système d'exploitation": ["Android 9.0 Pie, évolutif vers Android 10"]
    },
    "variations": [
      {
        "combinations": ["capacity-128-go", "state-second"],
        "price": 120000
      },
      {
        "combinations": ["capacity-128-go", "state-new"],
        "price": 140000
      }
    ],
    "images": [
      {
        "src": "/img/samsung/s10-black.webp",
        "default": true
      },
      {
        "src": "/img/samsung/s10-gray.webp",
        "default": false
      }
    ],
    "description": "Découvrez le Samsung Galaxy S10, un smartphone avec un écran Dynamic AMOLED de 6.1 pouces, un processeur puissant, une caméra triple pour capturer chaque détail, et une autonomie améliorée."
  },
  {
    "id": "S10e",
    "name": "Samsung Galaxy S10e",
    "categoryId": 2,
    "price": 90000,
    "details": {
      "Marque": ["Samsung"],
      "Processeur": ["Exynos 9820 Octa (Global) / Qualcomm Snapdragon 855 (USA)"],
      "Ram": ["6 Go", "8 Go"],
      "Caméra arrière": [ "12 MP", "16 MP"],
      "Caméra avant": ["10 MP"],
      "Rom": ["128 Go", "256 Go"],
      "Écran": ["Dynamic AMOLED de 5.8 pouces"],
      "Batterie": ["3100 mAh"],
      "Bluetooth": ["5.0"],
      "Couleurs": ["Prism White", "Prism Black", "Prism Green", "Canary Yellow", "Flamingo Pink"],
      "Système d'exploitation": ["Android 9.0 Pie, évolutif vers Android 10"]
    },
    "variations": [],
    "images": [
      {
        "src": "/img/samsung/s10-e-black.webp",
        "default": true
      },
      {
        "src": "/img/samsung/s10-e-black-face.webp",
        "default": false
      }
    ],
    "description": "Découvrez le Samsung Galaxy S10e, un smartphone compact avec un écran Dynamic AMOLED de 5.8 pouces, un processeur puissant, une caméra double pour des photos de qualité, et une variété de couleurs élégantes."
  },
  {
    "id": "s10-plus",
    "name": "Samsung Galaxy S10 Plus",
    "categoryId": 2,
    "price": 160000,
    "details": {
      "Marque": ["Samsung"],
      "Processeur": ["Exynos 9820 Octa (Global) / Qualcomm Snapdragon 855 (USA)"],
      "Ram": ["8 Go"],
      "Caméra arrière": ["12 MP", "12 MP", "16 MP"],
      "Caméra avant": ["Double capteur 10 MP + 8 MP"],
      "Rom": ["128 Go"],
      "Écran": ["Dynamic AMOLED de 6.4 pouces"],
      "Batterie": ["4100 mAh"],
      "Bluetooth": ["5.0"],
      "Couleurs": ["Prism White", "Prism Black", "Prism Green", "Prism Blue", "Canary Yellow", "Flamingo Pink"],
      "Système d'exploitation": ["Android 9.0 Pie, évolutif vers Android 10"]
    },
    "variations": [
      {
        "combinations": ["state-new", "capacity-128-go"],
        "price": 160000
      },
      {
        "combinations": ["state-new", "capacity-512-go"],
        "price": 165000
      }
    ],
    "images": [
      {
        "src": "/img/samsung/s10-plus-white.webp",
        "default": true
      },
      {
        "src": "/img/samsung/s10-plus-white-2.webp",
        "default": false
      },
      {
        "src": "/img/samsung/s10-plus-white-3.webp",
        "default": false
      }
    ],
    "description": "Découvrez le Samsung Galaxy S10 Plus avec 128 Go de stockage, un écran Dynamic AMOLED de 6.4 pouces, un processeur puissant, une caméra triple pour des photos de qualité professionnelle, et une autonomie améliorée. Avec son design élégant et ses performances exceptionnelles, le Galaxy S10 Plus est conçu pour les utilisateurs exigeants."
  },
  {
    "id": "s20",
    "name": "Samsung Galaxy S20",
    "categoryId": 2,
    "price": 150000,
    "details": {
      "Marque": ["Samsung"],
      "Processeur": ["Exynos 990 (Global) / Qualcomm Snapdragon 865 (USA)"],
      "Ram": ["12 Go"],
      "Caméra arrière": ["15 MP", "12 MP", "12 MP"],
      "Caméra avant": ["10 MP"],
      "Rom": ["128 Go"],
      "Écran": ["Dynamic AMOLED 2X de 6.2 pouces, 120Hz"],
      "Batterie": ["4000 mAh"],
      "Bluetooth": ["5.0"],
      "Couleurs": ["Cosmic Grey", "Cloud Blue", "Cloud Pink"],
      "Système d'exploitation": ["Android 10, évolutif vers Android 11"]
    },
    "variations": [
      {
        "combinations": ["state-new"],
        "price": 150000
      },
      {
        "combinations": ["state-second"],
        "price": 125000
      }
    ],
    "images": [
      {
        "src": "/img/samsung/s20-front.webp",
        "default": false
      },
      {
        "src": "/img/samsung/s20-gray.webp",
        "default": true
      },
      {
        "src": "/img/samsung/s20-gray-back.webp",
        "default": false
      }
    ],
    "description": "Découvrez le Samsung Galaxy S20 5G, un smartphone avec un écran Dynamic AMOLED 2X de 6.2 pouces et un taux de rafraîchissement de 120Hz, un processeur puissant, une caméra triple pour des photos de qualité professionnelle, et une autonomie améliorée. Conçu pour la connectivité 5G, il offre des vitesses de téléchargement ultra-rapides et une expérience utilisateur fluide."
  },
  {
    "id": "s20-plus",
    "name": "Samsung Galaxy S20 Plus",
    "categoryId": 2,
    "price": 160000,
    "details": {
      "Marque": ["Samsung"],
      "Processeur": ["Exynos 990 (Global) / Qualcomm Snapdragon 865 (USA)"],
      "Ram": ["12 Go"],
      "Caméra arrière":["65 MP", "12 MP", "10 MP"],
      "Caméra avant": ["10 MP"],
      "Rom": ["256 Go"],
      "Écran": ["Dynamic AMOLED 2X de 6.7 pouces, 120Hz"],
      "Batterie": ["4500 mAh"],
      "Bluetooth": ["5.0"],
      "Couleurs": ["Cosmic Grey", "Cloud Blue", "Cloud Pink"],
      "Système d'exploitation": ["Android 10, évolutif vers Android 11"]
    },
    "variations": [
      {
        "combinations": ["state-new", "one-sim", "capacity-256-go"],
        "price": 160000
      },
      {
        "combinations": ["state-new", "dual-sim", "capacity-256-go"],
        "price": 170000
      },
      {
        "combinations": ["state-new", "one-sim", "capacity-512-go"],
        "price": 180000
      }
    ],
    "images": [
      {
        "src": "/img/samsung/s20-plus-1.webp",
        "default": false
      },
      {
        "src": "/img/samsung/s20-plus-2.webp",
        "default": true
      }
    ],
    "description": "Découvrez le Samsung Galaxy S20 Plus avec 256 Go de stockage, un écran Dynamic AMOLED 2X de 6.7 pouces et un taux de rafraîchissement de 120Hz, un processeur puissant, une caméra triple pour des photos de qualité professionnelle, et une autonomie améliorée."
  },
  {
    "id": "s20-fe",
    "name": "Samsung Galaxy S20 FE",
    "categoryId": 2,
    "price": 100000,
    "details": {
      "Marque": ["Samsung"],
      "Processeur": ["Exynos 990 (Global) / Qualcomm Snapdragon 865 (USA)"],
      "Ram": ["6 Go", "8 Go"],
      "Caméra arrière": ["Triple capteur 12 MP (principal) + 8 MP (téléobjectif) + 12 MP (ultra-large)"],
      "Caméra avant": ["32 MP"],
      "Rom": ["128 Go"],
      "Écran": ["Super AMOLED de 6.5 pouces, 120Hz"],
      "Batterie": ["4500 mAh"],
      "Bluetooth": ["5.0"],
      "Couleurs": ["Cloud Navy", "Cloud White", "Cloud Pink", "Cloud Red", "Cloud Blue"],
      "Système d'exploitation": ["Android 10, évolutif vers Android 11"]
    },
    "variations": [
      {
        "combinations": ["state-second", "capacity-128-go"],
        "price": 100000
      },
      {
        "combinations": ["state-new", "capacity-128-go"],
        "price": 120000
      }
    ],
    "images": [
      {
        "src": "/img/samsung/s20-fe-1.webp",
        "default": false
      },
      {
        "src": "/img/samsung/s20-fe-2.webp",
        "default": true
      }
    ],
    "description": "Découvrez le Samsung Galaxy S20 FE avec 128 Go de stockage, un écran Super AMOLED de 6.5 pouces et un taux de rafraîchissement de 120Hz, un processeur puissant, une caméra triple pour des photos de qualité professionnelle, et une autonomie améliorée."
  },
  {
    "id": "s20-ultra",
    "name": "Samsung Galaxy S20 Ultra 256",
    "categoryId": 2,
    "price": 200000,
    "details": {
      "Marque": ["Samsung"],
      "Processeur": ["Exynos 990 (Global) / Qualcomm Snapdragon 865 (USA)"],
      "Ram": ["12 Go"],
      "Caméra arrière": ["Quadruple capteur 108 MP (principal) + 48 MP (périscope téléobjectif) + 12 MP (ultra-large) + capteur TOF 3D"],
      "Caméra avant": ["40 MP"],
      "Rom": ["256 Go"],
      "Écran": ["Dynamic AMOLED 2X de 6.9 pouces, 120Hz"],
      "Batterie": ["5000 mAh"],
      "Bluetooth": ["5.0"],
      "Couleurs": ["Cosmic Black", "Cosmic Grey"],
      "Système d'exploitation": ["Android 10, évolutif vers Android 11"]
    },
    "variations": [],
    "images": [
      {
        "src": "/img/samsung/s20-ultra-1.webp",
        "default": false
      },
      {
        "src": "/img/samsung/s20-ultra-2.webp",
        "default": true
      }
    ],
    "description": "Découvrez le Samsung Galaxy S20 Ultra avec 256 Go de stockage, un écran Dynamic AMOLED 2X de 6.9 pouces et un taux de rafraîchissement de 120Hz, un processeur puissant, une caméra quadruple pour des photos de qualité professionnelle, et une autonomie améliorée. Version scellée pour une garantie maximale."
  },
  {
    "id": "s21",
    "name": "Samsung Galaxy S21",
    "categoryId": 2,
    "price": 195000,
    "details": {
      "Marque": ["Samsung"],
      "Processeur": ["Exynos 2100 (Global) / Qualcomm Snapdragon 888 (USA)"],
      "Ram": ["8 Go"],
      "Caméra arrière": ["Triple capteur 12 MP (principal) + 64 MP (téléobjectif) + 12 MP (ultra-large)"],
      "Caméra avant": ["10 MP"],
      "Rom": ["256 Go"],
      "Écran": ["Dynamic AMOLED 2X de 6.2 pouces, 120Hz"],
      "Batterie": ["4000 mAh"],
      "Bluetooth": ["5.2"],
      "Couleurs": ["Phantom Gray", "Phantom White", "Phantom Violet", "Phantom Pink"],
      "Système d'exploitation": ["Android 11"]
    },
    "variations": [
      {
        "combinations": ["state-new", "capacity-256-go"],
        "price": 195000
      }
    ],
    "images": [
      {
        "src": "/img/samsung/galaxy-s21-bleu.webp",
        "default": false
      },
      {
        "src": "/img/samsung/galaxy-s21-bordeau.webp",
        "default": false
      },
      {
        "src": "/img/samsung/s21-screens.webp",
        "default": true
      }
    ],
    "description": "Découvrez le Samsung Galaxy S21 avec 256 Go de stockage, un écran Dynamic AMOLED 2X de 6.2 pouces et un taux de rafraîchissement de 120Hz, un processeur puissant, une caméra triple pour des photos de qualité professionnelle, et une autonomie améliorée. Version scellée pour une garantie maximale."
  },
  {
    "id": "s21-ultra",
    "name": "Samsung Galaxy S21 Ultra",
    "categoryId": 2,
    "price": 290000,
    "details": {
      "Marque": ["Samsung"],
      "Processeur": ["Exynos 2100 (Global) / Qualcomm Snapdragon 888 (USA)"],
      "Ram": ["12 Go", "16 Go"],
      "Caméra arrière":["108 MP", "12 MP", "10 MP", "12 MP"],
      "Caméra avant": ["40 MP"],
      "Rom": ["256 Go"],
      "Écran": ["Dynamic AMOLED 2X de 6.8 pouces, 120Hz"],
      "Batterie": ["5000 mAh"],
      "Bluetooth": ["5.2"],
      "Couleurs": ["Phantom Black", "Phantom Silver"],
      "Système d'exploitation": ["Android 11"]
    },
    "variations": [
      {
        "combinations": ["state-new","one-sim" ,"capacity-256-go"],
        "price": 290000
      },
      {
        "combinations": ["state-new", "dual-sim", "capacity-256-go"],
        "price": 300000
      },
      {
        "combinations": ["state-new","one-sim","capacity-128-go"],
        "price": 280000
      }
    ],
    "images": [
      {
        "src": "/img/samsung/s21-ultra-screens.webp",
        "default": true
      },
      {
        "src": "/img/samsung/s21-ultra-back.webp",
        "default": false
      }
    ],
    "description": "Découvrez le Samsung Galaxy S21 Ultra avec 256 Go de stockage, un écran Dynamic AMOLED 2X de 6.8 pouces et un taux de rafraîchissement de 120Hz, un processeur puissant, une caméra quadruple pour des photos de qualité professionnelle, et une autonomie améliorée. Version scellée pour une garantie maximale."
  },
  {
    "id": "s21-plus",
    "name": "Samsung Galaxy S21+",
    "categoryId": 2,
    "price": 200000,
    "details": {
      "Marque": ["Samsung"],
      "Processeur": ["Exynos 2100 (Global) / Qualcomm Snapdragon 888 (USA)"],
      "Ram": ["8 Go"],
      "Caméra arrière": ["12 MP", "64 MP" ," 12 MP" ],
      "Caméra avant": ["10 MP"],
      "Rom": ["128 Go"],
      "Écran": ["Dynamic AMOLED 2X de 6.7 pouces, 120Hz"],
      "Batterie": ["4800 mAh"],
      "Bluetooth": ["5.2"],
      "Couleurs": ["Phantom Black", "Phantom Silver", "Phantom Violet"],
      "Système d'exploitation": ["Android 11"]
    },
    "variations": [
      {
        "combinations": ["state-new","dual-sim" ,"capacity-128-go"],
        "price": 200000
      },{
        "combinations": ["state-new","one-sim" ,"capacity-256-go"],
        "price": 200000
      }
    ],
    "images": [
      {
        "src": "/img/samsung/s21-plus-screen.webp",
        "default": true
      },
      {
        "src": "/img/samsung/s21-plus-front.webp",
        "default": false
      },
      {
        "src": "/img/samsung/s21-plus-back.webp",
        "default": false
      }
    ],
    "description": "Découvrez le Samsung Galaxy S21+ avec 128 Go de stockage, un écran Dynamic AMOLED 2X de 6.7 pouces et un taux de rafraîchissement de 120Hz, un processeur puissant, une caméra triple pour des photos de qualité professionnelle, et une autonomie améliorée. Version scellée pour une garantie maximale. Avec la fonctionnalité dual SIM."
  },
  {
    "id": "s22",
    "name": "Samsung Galaxy S22",
    "categoryId": 2,
    "price": 240000,
    "details": {
      "Marque": ["Samsung"],
      "Processeur": ["Exynos 2200 (Global) / Qualcomm Snapdragon 8 Gen 2 (USA)"],
      "Ram": ["8 Go"],
      "Caméra arrière": [ "50 MP" ,"12 MP"," 12 MP" ],
      "Caméra avant": ["40 MP"],
      "Rom": ["128 Go"],
      "Écran": ["Dynamic AMOLED 2X de 6.6 pouces, 120Hz"],
      "Batterie": ["4500 mAh"],
      "Bluetooth": ["5.3"],
      "Couleurs": ["Phantom Black", "Phantom White", "Phantom Violet"],
      "Système d'exploitation": ["Android 12"]
    },
    "variations": [
      {
        "combinations": ["state-new","capacity-128-go"],
        "price": 240000
      },{
        "combinations": ["state-new"  ,"capacity-256-go"],
        "price": 260000
      }
    ],
    "images": [
      {
        "src": "/img/samsung/s22-bleu.webp",
        "default": false
      },
      {
        "src": "/img/samsung/s22-pink.webp",
        "default": true
      },
      {
        "src": "/img/samsung/galaxy-s22-green.webp",
        "default": false
      }
    ],
    "description": "Découvrez le Samsung Galaxy S22 avec 128 Go de stockage, un écran Dynamic AMOLED 2X de 6.6 pouces et un taux de rafraîchissement de 120Hz, un processeur avancé pour une performance exceptionnelle, une caméra triple pour des photos de qualité supérieure, et une batterie longue durée. Version scellée pour une garantie maximale."
  },
  {
    "id": "s22-plus",
    "name": "Samsung Galaxy S22 Plus",
    "categoryId": 2,
    "price": 365000,
    "details": {
      "Marque": ["Samsung"],
      "Processeur": ["Exynos 2200 (Global) / Qualcomm Snapdragon 8 Gen 2 (USA)"],
      "Ram": ["8 Go"],
      "Caméra arrière": ["50 MP ","10 MP" ," 12 MP" ],
      "Caméra avant": ["10 MP"],
      "Rom": ["128 Go", "256 Go"],
      "Écran": ["Dynamic AMOLED 2X de 6.8 pouces, 120Hz"],
      "Batterie": ["4500 mAh"],
      "Bluetooth": ["5.2"],
      "Couleurs": ["Phantom Black","white","Green","Sky Blue", "Cream"],
      "Système d'exploitation": ["Android 12"]
    },
    "variations": [
      {
        "combinations": ["state-new","dual-sim" ,"capacity-256-go"],
        "price": 390000
      }
    ],
    "images": [
      {
        "src": "/img/samsung/s22-ultra-back.webp",
        "default": true
      },
      {
        "src": "/img/samsung/s22-ultra-screen.webp",
        "default": false
      }
    ],
    "description": "Découvrez le Samsung Galaxy S22 Ultra avec 256 Go de stockage, un écran Dynamic AMOLED 2X de 6.8 pouces et un taux de rafraîchissement de 120Hz, un processeur avancé pour une performance exceptionnelle, une caméra quadruple pour des photos de qualité supérieure, et une batterie longue durée. Version scellée pour une garantie maximale. Fonctionne avec deux cartes SIM."
  },
  {
    "id": "s22-ultra",
    "name": "Samsung Galaxy S22 Ultra",
    "categoryId": 2,
    "price": 365000,
    "details": {
      "Marque": ["Samsung"],
      "Processeur": ["Exynos 2200 (Global) / Qualcomm Snapdragon 8 Gen 2 (USA)"],
      "Ram": ["12 Go", "16 Go"],
      "Caméra arrière": ["108 MP ","10 MP" ," 12 MP" ],
      "Caméra avant": ["40 MP"],
      "Rom": ["256 Go"],
      "Écran": ["Dynamic AMOLED 2X de 6.8 pouces, 120Hz"],
      "Batterie": ["5000 mAh"],
      "Bluetooth": ["5.3"],
      "Couleurs": ["Phantom Black", "Phantom White", "Phantom Brown"],
      "Système d'exploitation": ["Android 12"]
    },
    "variations": [
      {
        "combinations": ["state-new","dual-sim" ,"capacity-256-go"],
        "price": 390000
      },{
        "combinations": ["state-new","one-sim" ,"capacity-256-go"],
        "price": 365000
      }
    ],
    "images": [
      {
        "src": "/img/samsung/s22-ultra-back.webp",
        "default": true
      },
      {
        "src": "/img/samsung/s22-ultra-screen.webp",
        "default": false
      }
    ],
    "description": "Découvrez le Samsung Galaxy S22 Ultra avec 256 Go de stockage, un écran Dynamic AMOLED 2X de 6.8 pouces et un taux de rafraîchissement de 120Hz, un processeur avancé pour une performance exceptionnelle, une caméra quadruple pour des photos de qualité supérieure, et une batterie longue durée. Version scellée pour une garantie maximale. Fonctionne avec deux cartes SIM."
  },
  {
    "id": "s23",
    "name": "Samsung Galaxy S23 Go Duos ",
    "categoryId": 2,
    "price": 340000,
    "details": {
      "Marque": ["Samsung"],
      "Processeur": ["Exynos 2300 (Global) / Qualcomm Snapdragon 8 Gen 3 (USA)"],
      "Ram": ["12 Go", "16 Go"],
      "Caméra arrière": ["10 MP" , "10MP", "12 MP" ],
      "Caméra avant": ["40 MP"],
      "Rom": ["256 Go"],
      "Écran": ["Dynamic AMOLED 2X de 6.9 pouces, 120Hz"],
      "Batterie": ["5200 mAh"],
      "Bluetooth": ["5.3"],
      "Couleurs": ["Phantom Black", "Phantom Silver", "Phantom Green"],
      "Système d'exploitation": ["Android 13"]
    },
    "variations": [],
    "images": [
      {
        "src": "/img/samsung/galaxy-s23-white.webp",
        "default": true
      },
      {
        "src": "/img/samsung/galaxy-s23-purple.webp",
        "default": false
      },
      {
        "src": "/img/samsung/galaxy-s23-green.webp",
        "default": false
      }
    ],
    "description": "Découvrez le Samsung Galaxy S23 avec 256 Go de stockage, un écran Dynamic AMOLED 2X de 6.9 pouces et un taux de rafraîchissement de 120Hz, un processeur avancé pour une performance exceptionnelle, une caméra quadruple pour des photos de qualité supérieure, une batterie longue durée et la fonctionnalité dual SIM avec eSIM. Version scellée pour une garantie maximale."
  },
  {
    "id": "S23Plus",
    "name": "Samsung Galaxy S23+ 256 Go Scellé",
    "categoryId": 2,
    "price": 400000,
    "details": {
      "Marque": ["Samsung"],
      "Processeur": ["Exynos 2300 (Global) / Qualcomm Snapdragon 8 Gen 3 (USA)"],
      "Ram": ["12 Go", "16 Go"],
      "Caméra arrière": ["Quadruple capteur 108 MP (principal) + 10 MP (périscope téléobjectif) + 10 MP (téléobjectif) + 12 MP (ultra-large)"],
      "Caméra avant": ["40 MP"],
      "Rom": ["256 Go"],
      "Écran": ["Dynamic AMOLED 2X de 6.9 pouces, 120Hz"],
      "Batterie": ["5500 mAh"],
      "Bluetooth": ["5.3"],
      "Couleurs": ["Phantom Black", "Phantom Silver", "Phantom Green"],
      "Système d'exploitation": ["Android 13"]
    },
    "variations": [],
    "images": [
      {
        "src": "/img/samsung/Galaxy-s23ultra-black.webp",
        "default": true
      },
      {
        "src": "/img/samsung/Galaxy-s23ultra-purple.webp",
        "default": false
      }
    ],
    "description": "Découvrez le Samsung Galaxy S23+ avec 256 Go de stockage, un écran Dynamic AMOLED 2X de 6.9 pouces et un taux de rafraîchissement de 120Hz, un processeur avancé pour une performance exceptionnelle, une caméra quadruple pour des photos de qualité supérieure, une batterie longue durée et une expérience utilisateur améliorée. Version scellée pour une garantie maximale."
  },
  {
    "id": "Note20-Ultra",
    "name": "Samsung Galaxy Note20 Ultra GO Scellé",
    "categoryId": 2,
    "price": 295000,
    "details": {
      "Marque": ["Samsung"],
      "Processeur": ["Exynos 990"],
      "Ram": ["12 Go"],
      "Caméra arrière": ["108 MP", "12 MP", "12 MP"],
      "Caméra avant": ["10 MP"],
      "Rom": ["256 Go"],
      "Écran": ["Dynamic AMOLED 2X, 6.9 pouces, 1440 x 3088 pixels"],
      "Batterie": ["4500 mAh"],
      "Bluetooth": ["5.0"],
      "Couleurs": ["Mystic Bronze", "Mystic Black", "Mystic White"],
      "Système d'exploitation": ["Android 10, évolutif vers Android 11"]
    },
    "variations": [],
    "images": [
      {
        "src": "/img/samsung/note-20-ultra-black.webp",
        "default": true
      },
      {
        "src": "/img/samsung/note-20-ultra-pink.webp",
        "default": false
      },
      {
        "src": "/img/samsung/note-20-ultra-white.webp",
        "default": false
      }
    ],
    "description": "Le Samsung Galaxy Note20 Ultra est un smartphone haut de gamme qui offre une expérience utilisateur premium avec son grand écran Dynamic AMOLED de 6.9 pouces et sa haute résolution. Il est équipé du processeur Exynos 990 et de 12 Go de RAM pour des performances fluides. Avec une caméra arrière triple de 108 MP et une batterie de 4500 mAh, il est parfait pour les utilisateurs exigeants."
  },
  {
    "id": "Note20",
    "name": "Samsung Galaxy Note20 5G 256 Go Scellé",
    "price": 170000,
    "details": {
      "Marque": ["Samsung"],
      "Processeur": ["Exynos 990 ou Snapdragon 865+ (selon la région)"],
      "Ram": ["8 Go"],
      "Caméra arrière": ["108 MP", "12 MP", "12 MP"],
      "Caméra avant": ["10 MP"],
      "Rom": ["256 Go"],
      "Écran": ["Dynamic AMOLED 2X, 6.7 pouces, 1080 x 2400 pixels"],
      "Batterie": ["4300 mAh"],
      "Bluetooth": ["5.0"],
      "Couleurs": ["Mystic Green", "Mystic Bronze", "Mystic Gray", "Mystic Red", "Mystic Blue"],
      "Système d'exploitation": ["Android 10, évolutif vers Android 11"]
    },
    "variations": [],
    "images": [
      {
        "src": "/img/samsung/note20-black.webp",
        "default": true
      },
      {
        "src": "/img/samsung/note20-bleu.webp",
        "default": false
      }
    ],
    "description": "Le Samsung Galaxy Note20 5G est un smartphone performant et polyvalent, offrant une expérience utilisateur fluide grâce à son processeur puissant et ses 8 Go de RAM. Avec un ensemble de caméras de haute qualité et une batterie durable, il est idéal pour les utilisateurs actifs et connectés."
  },
  {
    "id": "Note10",
    "name": "Samsung Galaxy Note10 512 Go Scellé",
    "price": 160000,
    "details": {
      "Marque": ["Samsung"],
      "Processeur": ["Exynos 9825 ou Snapdragon 855 (selon la région)"],
      "Ram": ["12 Go"],
      "Caméra arrière": ["12 MP", "12 MP", "16 MP"],
      "Caméra avant": ["10 MP"],
      "Rom": ["512 Go"],
      "Écran": ["Dynamic AMOLED, 6.3 pouces, 1080 x 2280 pixels"],
      "Batterie": ["3500 mAh"],
      "Bluetooth": ["5.0"],
      "Couleurs": ["Aura Glow", "Aura White", "Aura Black", "Aura Pink", "Aura Red"],
      "Système d'exploitation": ["Android 9.0 (Pie), évolutif vers Android 11"]
    },
    "variations": [],
    "images": [
      {
        "src": "/img/samsung/note-10-black.webp",
        "default": true
      },
      {
        "src": "/img/samsung/note-10-bleu.webp",
        "default": false
      }

    ],
    "description": "Le Samsung Galaxy Note10 scellé avec une capacité de stockage de 512 Go offre un espace considérable pour toutes vos données. Avec une RAM de 12 Go et un processeur puissant, il est conçu pour offrir une expérience utilisateur fluide et réactive. Son écran Dynamic AMOLED et son ensemble de caméras de haute qualité en font un appareil de choix pour les utilisateurs exigeants."
  },
  {
    "id": "Note10Plus",
    "name": "Samsung Galaxy Note10+ Duos 512 Go Scellé",
    "price": 190000,
    "details": {
      "Marque": ["Samsung"],
      "Processeur": ["Exynos 9825 ou Snapdragon 855 (selon la région)"],
      "Ram": ["12 Go"],
      "Caméra arrière": ["12 MP", "12 MP", "16 MP", "ToF 3D VGA"],
      "Caméra avant": ["10 MP"],
      "Rom": ["512 Go"],
      "Écran": ["Dynamic AMOLED, 6.8 pouces, 1440 x 3040 pixels"],
      "Batterie": ["4300 mAh"],
      "Bluetooth": ["5.0"],
      "Couleurs": ["Aura Glow", "Aura White", "Aura Black", "Aura Blue"],
      "Système d'exploitation": ["Android 9.0 (Pie), évolutif vers Android 11"]
    },
    "variations": [],
    "images": [
      {
        "src": "/img/samsung/note-10-plus-black.webp",
        "default": true
      },
      {
        "src": "/img/samsung/note-10-plus-silver.webp",
        "default": false
      }

    ],
    "description": "Le Samsung Galaxy Note10+ Duos scellé est un smartphone haut de gamme offrant une grande capacité de stockage de 512 Go et une RAM de 12 Go pour une performance optimale. Son grand écran Dynamic AMOLED de 6.8 pouces et son ensemble de caméras avancées sont parfaits pour les utilisateurs à la recherche d'une expérience multimédia supérieure et d'une productivité accrue."
  },
  {
    "id": "Note9",
    "name": "Samsung Galaxy Note9 Duos 512 Go Scellé",
    "price": 130000,
    "details": {
      "Marque": ["Samsung"],
      "Processeur": ["Exynos 9810 ou Snapdragon 845 (selon la région)"],
      "Ram": ["8 Go"],
      "Caméra arrière": ["12 MP", "12 MP"],
      "Caméra avant": ["8 MP"],
      "Rom": ["512 Go"],
      "Écran": ["Super AMOLED, 6.4 pouces, 1440 x 2960 pixels"],
      "Batterie": ["4000 mAh"],
      "Bluetooth": ["5.0"],
      "Couleurs": ["Metallic Copper", "Lavender Purple", "Ocean Blue", "Midnight Black", "Pure White", "Alpine White"],
      "Système d'exploitation": ["Android 8.1 (Oreo), évolutif vers Android 10"]
    },
    "variations": [],
    "images": [
      {
        "src": "/img/samsung/note9-black.webp",
        "default": true
      },
      {
        "src": "/img/samsung/note9-blue.webp",
        "default": false
      },
      {
        "src": "/img/samsung/note-9-pink.webp",
        "default": false
      },
      {
        "src": "/img/samsung/note-9-purple.webp",
        "default": false
      }
    ],
    "description": "Le Samsung Galaxy Note9 Duos scellé avec une capacité de stockage de 512 Go est un choix excellent pour ceux qui ont besoin de plus d'espace pour leurs fichiers et applications. Avec une RAM de 8 Go et un processeur performant, il offre une expérience utilisateur fluide et rapide. Son écran Super AMOLED de qualité et ses caméras impressionnantes en font un appareil très convoité."
  },
    {
    "id": "Note8",
    "name": "Samsung Galaxy Note8 64 Go Scellé",
    "price": 100000,
    "details": {
      "Marque": ["Samsung"],
      "Processeur": ["Exynos 8895 ou Snapdragon 835 (selon la région)"],
      "Ram": ["6 Go"],
      "Caméra arrière": ["12 MP", "12 MP"],
      "Caméra avant": ["8 MP"],
      "Rom": ["64 Go"],
      "Écran": ["Super AMOLED, 6.3 pouces, 1440 x 2960 pixels"],
      "Batterie": ["3300 mAh"],
      "Bluetooth": ["5.0"],
      "Couleurs": ["Midnight Black", "Orchid Gray", "Deep Sea Blue", "Maple Gold"],
      "Système d'exploitation": ["Android 7.1.1 (Nougat), évolutif vers Android 9.0 (Pie)"]
    },
    "variations": [],
    "images": [
      {
        "src": "/img/samsung/note-8-black.webp",
        "default": true
      },
      {
        "src": "/img/samsung/note-8-silver.webp",
        "default":false
      },
      {
        "src": "/img/samsung/note-8-bleu.webp",
        "default":false
      }

    ],
    "description": "Le Samsung Galaxy Note8 scellé offre une expérience utilisateur de qualité avec son écran Super AMOLED de 6.3 pouces et ses performances fiables grâce à son processeur Exynos 8895 ou Snapdragon 835. Avec une capacité de stockage de 64 Go et une RAM de 6 Go, il est adapté pour les utilisateurs qui recherchent un appareil performant pour une utilisation quotidienne."
  }
]