[
  {
    "id": "Spark10Pro",
    "name": "Tecno Spark 10 Pro",
    "categoryId": 2,
    "price": 100000,
    "details": {
      "Marque": ["Tecno"],
      "Processeur": ["MediaTek Helio G88"],
      "Ram": ["8 Go"],
      "Caméra arrière": ["50 MP"],
      "Caméra avant": ["30 MP"],
      "Rom": ["256 Go"],
      "Écran": ["6.8″ IPS LCD"],
      "Batterie": ["5000 mAh"],
      "Bluetooth": ["5"],
      "Couleurs": ["Starry Black","Pearl White","Magic Skin Black" ,"Magic Magenta"],
      "Système d'exploitation": ["android"]
    },
    "variations": [],
    "images": [
      {
        "src": "/img/Teckno/spark-10-pro-black.webp",
        "default": true
      },
      {
        "src": "/img/Teckno/spark-10-pro-white.webp",
        "default": false
      }
    ],
    "description": "The Tecno Spark 10 Pro is an intriguing entry-level smartphone with a premium design, solid-looking specs, and a large battery."
  },
  {
    "id": "Spark20",
    "name": "Tecno Spark 20",
    "categoryId": 2,
    "price": 100000,
    "details": {
      "Marque": ["Tecno"],
      "Processeur": ["MediaTek Helio G88"],
      "Ram": ["12 Go"],
      "Caméra arrière": ["50 MP"],
      "Caméra avant": ["30 MP"],
      "Rom": ["128","256 Go"],
      "Écran": ["6.8″ IPS LCD"],
      "Batterie": ["5450 mAh"],
      "Bluetooth": ["5"],
      "Couleurs": ["Starry Black","Pearl White","Magic Skin Black" ,"Magic Magenta"],
      "Système d'exploitation": ["android"]
    },
    "variations": [],
    "images": [
      {
        "src": "/img/Teckno/spark-20-black.webp",
        "default": false
      },
       {
        "src": "/img/Teckno/spark-20-bleu.webp",
        "default": false
      },
      {
        "src": "/img/Teckno/spark-20-pink.webp",
        "default": true
      }
    ],
    "description": "The Tecno Spark 20 is an intriguing entry-level smartphone with a premium design, solid-looking specs, and a large battery."
  },
  {
    "id": "Camon30",
    "name": "Tecno Camon 30",
    "categoryId": 2,
    "price": 100000,
    "details": {
      "Marque": ["Tecno"],
      "Processeur": ["MediaTek Helio G88"],
      "Ram": ["8 Go","12 Go"],
      "Caméra arrière": ["50 MP"],
      "Caméra avant": ["30 MP"],
      "Rom": ["256 Go"],
      "Écran": ["6.8″ AMOLED"],
      "Batterie": ["5000 mAh"],
      "Bluetooth": ["5"],
      "Couleurs": ["Starry Black","Pearl White","Magic Skin Black" ,"Magic Magenta"],
      "Système d'exploitation": ["android"]
    },
    "variations": [],
    "images": [
      {
        "src": "/img/Teckno/camon-30-gray.webp",
        "default": true
      },
      {
        "src": "/img/Teckno/camon-30-orange.webp",
        "default": false
      },
      {
        "src": "/img/Teckno/camon-30-white.webp",
        "default": false
      }
    ],
    "description": "The Tecno Camon 30 is an intriguing entry-level smartphone with a premium design, solid-looking specs, and a large battery."
  },
   {
    "id": "Camon20",
    "name": "Tecno Camon 20",
    "categoryId": 2,
    "price": 100000,
    "details": {
      "Marque": ["Tecno"],
      "Processeur": ["MediaTek Helio G88"],
      "Ram": ["8 Go"],
      "Caméra arrière": ["50 MP"],
      "Caméra avant": ["30 MP"],
      "Rom": ["128","256 Go"],
      "Écran": ["6.8″ OLED"],
      "Batterie": ["4500 mAh"],
      "Bluetooth": ["5"],
      "Couleurs": ["Starry Black","Pearl White","Magic Skin Black" ,"Magic Magenta"],
      "Système d'exploitation": ["android"]
    },
    "variations": [],
    "images": [
      {
        "src": "/img/Teckno/camon-20-green.webp",
        "default": true
      },
      {
        "src": "/img/Teckno/camon-20-blue.webp",
        "default": false
      },
      {
        "src": "/img/Teckno/camon-20-black.webp",
        "default": false
      }
    ],
    "description": "The Tecno Camon 20 is an intriguing entry-level smartphone with a premium design, solid-looking specs, and a large battery."
  },
   {
    "id": "Pop 7",
    "name": "Tecno Pop 7",
    "categoryId": 2,
    "price": 100000,
    "details": {
      "Marque": ["Tecno"],
      "Processeur": ["MediaTek Helio G88"],
      "Ram": ["2 Go"],
      "Caméra arrière": ["8 MP"],
      "Caméra avant": ["5 MP"],
      "Rom": ["64 GO","128 Go"],
      "Écran": ["6.6″ LCD"],
      "Batterie": ["5000 mAh"],
      "Bluetooth": ["5"],
      "Couleurs": ["Starry Black","Pearl White","Magic Skin Black" ,"Magic Magenta"],
      "Système d'exploitation": ["android"]
    },
    "variations": [],
    "images": [
      {
        "src": "/img/Teckno/pop-7-purple.webp",
        "default": true
      },
      {
        "src": "/img/Teckno/pop-7-blue.webp",
        "default": false
      },
      {
        "src": "/img/Teckno/pop-7-black.webp",
        "default": false
      }
    ],
    "description": "The Tecno Pop 7 is an intriguing entry-level smartphone with a premium design, solid-looking specs, and a large battery."
  },
  {
    "id": "Pop 8",
    "name": "Tecno Pop 8",
    "categoryId": 2,
    "price": 100000,
    "details": {
      "Marque": ["Tecno"],
      "Processeur": ["MediaTek Helio G88"],
      "Ram": ["4 Go"],
      "Caméra arrière": ["10 MP"],
      "Caméra avant": ["6 MP"],
      "Rom": ["64 GO","128 Go"],
      "Écran": ["6.6″ LCD"],
      "Batterie": ["5000 mAh"],
      "Bluetooth": ["5"],
      "Couleurs": ["Starry Black","Pearl White","Magic Skin Black" ,"Magic Magenta"],
      "Système d'exploitation": ["android"]
    },
    "variations": [],
    "images": [
      {
        "src": "/img/Teckno/pop-8-orange.webp",
        "default": true
      },
      {
        "src": "/img/Teckno/pop-8-white.webp",
        "default": false
      },
      {
        "src": "/img/Teckno/pop-8-black.webp",
        "default": false
      }
    ],
    "description": "The Tecno Pop 7 is an intriguing entry-level smartphone with a premium design, solid-looking specs, and a large battery."
  }

]