[
  {
    "id": "capacity-16-go",
    "name": "16 Go",
    "value": "16 Go",
    "group": 2
  },
  {
    "id": "capacity-32-go",
    "name": "32 Go",
    "value": "32 Go",
    "group": 2
  },
  {
    "id": "capacity-64-go",
    "name": "64 Go",
    "value": "64 Go",
    "group": 2
  },
  {
    "id": "capacity-128-go",
    "name": "128 Go",
    "value": "128 Go",
    "group": 2
  },
  {
    "id": "capacity-256-go",
    "name": "256 Go",
    "value": "256 Go",
    "group": 2
  },
  {
    "id": "capacity-512-go",
    "name": "512 Go",
    "value": "512 Go",
    "group": 2
  },
  {
    "id": "capacity-1-to",
    "name": "1 To",
    "value": "1 To",
    "group": 2
  }
]