[
  {
    "id": "color-noir",
    "name": "Noir",
    "value": "#000000",
    "group": 1
  },
  {
    "id": "color-noir-jet",
    "name": "Noir de jais",
    "value": "#000000",
    "group": 1
  },
  {
    "id": "color-vert",
    "name": "Vert",
    "value": "#008000",
    "group": 1
  },
  {
    "id": "color-bleu",
    "name": "Bleu",
    "value": "#ADD8E6",
    "group": 1
  },
  {
    "id": "color-jaune",
    "name": "Jaune",
    "value": "#FFFF00",
    "group": 1
  },
  {
    "id": "color-rose",
    "name": "Rose",
    "value": "#FF69B4",
    "group": 1
  },
  {
    "id": "color-gris-sideral",
    "name": "Gris sideral",
    "value": "#B3B3B3",
    "group": 1
  },
  {
    "id": "color-titane",
    "name": "Titane",
    "value": "#B3B3B3",
    "group": 1
  },
  {
    "id": "color-rouge",
    "name": "Rouge",
    "value": "#800000",
    "group": 1
  },
  {
    "id": "color-argent",
    "name": "Argent",
    "value": "#C0C0C0",
    "group": 1
  },
  {
    "id": "color-or",
    "name": "Or",
    "value": "#FFD700",
    "group": 1
  },
  {
    "id": "color-blanc",
    "name": "Blanc",
    "value": "#faf7f2",
    "group": 1
  },
  {
    "id": "color-violet",
    "name": "Violet",
    "value": "#5e5566",
    "group": 1
  },
  {
    "id": "color-corail",
    "name": "Corail",
    "value": "#FF3A30",
    "group": 1
  },
  {
    "id": "color-mauve",
    "name": "Mauve",
    "value": "#E0C8ED",
    "group": 1
  },
  {
    "id": "color-graphite",
    "name": "Graphite",
    "value": "#484b52",
    "group": 1
  }
]