[
  {
    "id": 0,
    "name": "ALL",
    "slug": "ALL",
    "active": true
  },
  {
    "id": 1,
    "name": "Iphone",
    "slug": "iphone",
    "active": true
  },
  {
    "id": 2,
    "name": "Samsung",
    "slug": "samsung",
    "active": true
  },
  {
    "id": 3,
    "name": "Tecno",
    "slug": "tecno",
    "active": true
  },
  {
    "id": 4,
    "name": "Google Pixel",
    "slug": "google-pixel",
    "active": false
  },
  {
    "id": 5,
    "name": "Laptop",
    "slug": "laptop",
    "active": false
  },
  {
    "id": 6,
    "name": "Tablette",
    "slug": "Tablette",
    "active": false
  },
  {
    "id": 7,
    "name": "Airpods",
    "slug": "airpods",
    "active": false
  },
  {
    "id": 8,
    "name": "Pochette",
    "slug": "pochette",
    "active": false
  },
  {
    "id": 9,
    "name": "Macbook",
    "slug": "macbook",
    "active": true
  },
  {
    "id": 10,
    "name": "Huawei",
    "slug": "huawei",
    "active": true
  },
  {
    "id": 11,
    "name": "Oppo",
    "slug": "oppo",
    "active": true
  },
  {
    "id": 12,
    "name": "Redmi",
    "slug": "redmi",
    "active": true
  }
]